Entity,Code,Year,Number of maternal deaths
Afghanistan,AFG,2000,13000
Afghanistan,AFG,2001,12000
Afghanistan,AFG,2002,13000
Afghanistan,AFG,2003,13000
Afghanistan,AFG,2004,12000
Afghanistan,AFG,2005,12000
Afghanistan,AFG,2006,12000
Afghanistan,AFG,2007,12000
Afghanistan,AFG,2008,11000
Afghanistan,AFG,2009,10000
Afghanistan,AFG,2010,10000
Afghanistan,AFG,2011,10000
Afghanistan,AFG,2012,10000
Afghanistan,AFG,2013,10000
Afghanistan,AFG,2014,10000
Afghanistan,AFG,2015,10000
Afghanistan,AFG,2016,9900
Afghanistan,AFG,2017,9100
Afghanistan,AFG,2018,9000
Afghanistan,AFG,2019,8900
Afghanistan,AFG,2020,8700
Albania,ALB,2000,8
Albania,ALB,2001,6
Albania,ALB,2002,6
Albania,ALB,2003,6
Albania,ALB,2004,5
Albania,ALB,2005,4
Albania,ALB,2006,4
Albania,ALB,2007,4
Albania,ALB,2008,3
Albania,ALB,2009,3
Albania,ALB,2010,3
Albania,ALB,2011,3
Albania,ALB,2012,3
Albania,ALB,2013,3
Albania,ALB,2014,2
Albania,ALB,2015,2
Albania,ALB,2016,2
Albania,ALB,2017,2
Albania,ALB,2018,2
Albania,ALB,2019,2
Albania,ALB,2020,2
Algeria,DZA,2000,960
Algeria,DZA,2001,940
Algeria,DZA,2002,920
Algeria,DZA,2003,980
Algeria,DZA,2004,910
Algeria,DZA,2005,1000
Algeria,DZA,2006,980
Algeria,DZA,2007,960
Algeria,DZA,2008,940
Algeria,DZA,2009,970
Algeria,DZA,2010,980
Algeria,DZA,2011,960
Algeria,DZA,2012,940
Algeria,DZA,2013,910
Algeria,DZA,2014,850
Algeria,DZA,2015,900
Algeria,DZA,2016,900
Algeria,DZA,2017,910
Algeria,DZA,2018,800
Algeria,DZA,2019,760
Algeria,DZA,2020,760
Angola,AGO,2000,6700
Angola,AGO,2001,6400
Angola,AGO,2002,6300
Angola,AGO,2003,5800
Angola,AGO,2004,5200
Angola,AGO,2005,5000
Angola,AGO,2006,4800
Angola,AGO,2007,4500
Angola,AGO,2008,4400
Angola,AGO,2009,4100
Angola,AGO,2010,3900
Angola,AGO,2011,3600
Angola,AGO,2012,3400
Angola,AGO,2013,3300
Angola,AGO,2014,3400
Angola,AGO,2015,3200
Angola,AGO,2016,3300
Angola,AGO,2017,3100
Angola,AGO,2018,2900
Angola,AGO,2019,2900
Angola,AGO,2020,2900
Antigua and Barbuda,ATG,2000,1
Antigua and Barbuda,ATG,2001,0
Antigua and Barbuda,ATG,2002,0
Antigua and Barbuda,ATG,2003,0
Antigua and Barbuda,ATG,2004,0
Antigua and Barbuda,ATG,2005,0
Antigua and Barbuda,ATG,2006,0
Antigua and Barbuda,ATG,2007,0
Antigua and Barbuda,ATG,2008,0
Antigua and Barbuda,ATG,2009,0
Antigua and Barbuda,ATG,2010,0
Antigua and Barbuda,ATG,2011,0
Antigua and Barbuda,ATG,2012,0
Antigua and Barbuda,ATG,2013,0
Antigua and Barbuda,ATG,2014,0
Antigua and Barbuda,ATG,2015,0
Antigua and Barbuda,ATG,2016,0
Antigua and Barbuda,ATG,2017,0
Antigua and Barbuda,ATG,2018,0
Antigua and Barbuda,ATG,2019,0
Antigua and Barbuda,ATG,2020,0
Argentina,ARG,2000,510
Argentina,ARG,2001,510
Argentina,ARG,2002,500
Argentina,ARG,2003,560
Argentina,ARG,2004,520
Argentina,ARG,2005,450
Argentina,ARG,2006,440
Argentina,ARG,2007,450
Argentina,ARG,2008,430
Argentina,ARG,2009,410
Argentina,ARG,2010,410
Argentina,ARG,2011,370
Argentina,ARG,2012,330
Argentina,ARG,2013,320
Argentina,ARG,2014,310
Argentina,ARG,2015,300
Argentina,ARG,2016,300
Argentina,ARG,2017,270
Argentina,ARG,2018,230
Argentina,ARG,2019,220
Argentina,ARG,2020,290
Armenia,ARM,2000,20
Armenia,ARM,2001,19
Armenia,ARM,2002,18
Armenia,ARM,2003,17
Armenia,ARM,2004,17
Armenia,ARM,2005,15
Armenia,ARM,2006,14
Armenia,ARM,2007,14
Armenia,ARM,2008,13
Armenia,ARM,2009,14
Armenia,ARM,2010,14
Armenia,ARM,2011,13
Armenia,ARM,2012,13
Armenia,ARM,2013,12
Armenia,ARM,2014,13
Armenia,ARM,2015,11
Armenia,ARM,2016,10
Armenia,ARM,2017,10
Armenia,ARM,2018,10
Armenia,ARM,2019,9
Armenia,ARM,2020,10
Australia,AUS,2000,17
Australia,AUS,2001,15
Australia,AUS,2002,14
Australia,AUS,2003,14
Australia,AUS,2004,13
Australia,AUS,2005,12
Australia,AUS,2006,12
Australia,AUS,2007,15
Australia,AUS,2008,15
Australia,AUS,2009,16
Australia,AUS,2010,16
Australia,AUS,2011,18
Australia,AUS,2012,18
Australia,AUS,2013,18
Australia,AUS,2014,16
Australia,AUS,2015,16
Australia,AUS,2016,16
Australia,AUS,2017,15
Australia,AUS,2018,14
Australia,AUS,2019,16
Australia,AUS,2020,9
Austria,AUT,2000,5
Austria,AUT,2001,5
Austria,AUT,2002,5
Austria,AUT,2003,5
Austria,AUT,2004,4
Austria,AUT,2005,5
Austria,AUT,2006,4
Austria,AUT,2007,4
Austria,AUT,2008,4
Austria,AUT,2009,5
Austria,AUT,2010,5
Austria,AUT,2011,5
Austria,AUT,2012,4
Austria,AUT,2013,5
Austria,AUT,2014,5
Austria,AUT,2015,5
Austria,AUT,2016,5
Austria,AUT,2017,4
Austria,AUT,2018,5
Austria,AUT,2019,5
Austria,AUT,2020,4
Azerbaijan,AZE,2000,78
Azerbaijan,AZE,2001,76
Azerbaijan,AZE,2002,73
Azerbaijan,AZE,2003,71
Azerbaijan,AZE,2004,68
Azerbaijan,AZE,2005,66
Azerbaijan,AZE,2006,61
Azerbaijan,AZE,2007,57
Azerbaijan,AZE,2008,57
Azerbaijan,AZE,2009,60
Azerbaijan,AZE,2010,60
Azerbaijan,AZE,2011,58
Azerbaijan,AZE,2012,57
Azerbaijan,AZE,2013,55
Azerbaijan,AZE,2014,55
Azerbaijan,AZE,2015,54
Azerbaijan,AZE,2016,45
Azerbaijan,AZE,2017,40
Azerbaijan,AZE,2018,39
Azerbaijan,AZE,2019,39
Azerbaijan,AZE,2020,54
Bahamas,BHS,2000,4
Bahamas,BHS,2001,4
Bahamas,BHS,2002,4
Bahamas,BHS,2003,4
Bahamas,BHS,2004,4
Bahamas,BHS,2005,4
Bahamas,BHS,2006,4
Bahamas,BHS,2007,4
Bahamas,BHS,2008,5
Bahamas,BHS,2009,5
Bahamas,BHS,2010,5
Bahamas,BHS,2011,5
Bahamas,BHS,2012,5
Bahamas,BHS,2013,4
Bahamas,BHS,2014,5
Bahamas,BHS,2015,4
Bahamas,BHS,2016,4
Bahamas,BHS,2017,4
Bahamas,BHS,2018,4
Bahamas,BHS,2019,4
Bahamas,BHS,2020,4
Bahrain,BHR,2000,4
Bahrain,BHR,2001,3
Bahrain,BHR,2002,4
Bahrain,BHR,2003,4
Bahrain,BHR,2004,4
Bahrain,BHR,2005,4
Bahrain,BHR,2006,4
Bahrain,BHR,2007,3
Bahrain,BHR,2008,3
Bahrain,BHR,2009,3
Bahrain,BHR,2010,4
Bahrain,BHR,2011,4
Bahrain,BHR,2012,3
Bahrain,BHR,2013,3
Bahrain,BHR,2014,3
Bahrain,BHR,2015,3
Bahrain,BHR,2016,3
Bahrain,BHR,2017,3
Bahrain,BHR,2018,3
Bahrain,BHR,2019,3
Bahrain,BHR,2020,3
Bangladesh,BGD,2000,17000
Bangladesh,BGD,2001,16000
Bangladesh,BGD,2002,16000
Bangladesh,BGD,2003,15000
Bangladesh,BGD,2004,14000
Bangladesh,BGD,2005,14000
Bangladesh,BGD,2006,12000
Bangladesh,BGD,2007,13000
Bangladesh,BGD,2008,12000
Bangladesh,BGD,2009,11000
Bangladesh,BGD,2010,9600
Bangladesh,BGD,2011,9300
Bangladesh,BGD,2012,7200
Bangladesh,BGD,2013,6700
Bangladesh,BGD,2014,6700
Bangladesh,BGD,2015,6400
Bangladesh,BGD,2016,6000
Bangladesh,BGD,2017,5500
Bangladesh,BGD,2018,5200
Bangladesh,BGD,2019,4800
Bangladesh,BGD,2020,3700
Barbados,BRB,2000,2
Barbados,BRB,2001,2
Barbados,BRB,2002,2
Barbados,BRB,2003,2
Barbados,BRB,2004,2
Barbados,BRB,2005,2
Barbados,BRB,2006,2
Barbados,BRB,2007,2
Barbados,BRB,2008,2
Barbados,BRB,2009,2
Barbados,BRB,2010,2
Barbados,BRB,2011,2
Barbados,BRB,2012,2
Barbados,BRB,2013,2
Barbados,BRB,2014,1
Barbados,BRB,2015,1
Barbados,BRB,2016,1
Barbados,BRB,2017,1
Barbados,BRB,2018,1
Barbados,BRB,2019,1
Barbados,BRB,2020,1
Belarus,BLR,2000,24
Belarus,BLR,2001,22
Belarus,BLR,2002,16
Belarus,BLR,2003,13
Belarus,BLR,2004,10
Belarus,BLR,2005,10
Belarus,BLR,2006,8
Belarus,BLR,2007,6
Belarus,BLR,2008,5
Belarus,BLR,2009,4
Belarus,BLR,2010,3
Belarus,BLR,2011,3
Belarus,BLR,2012,2
Belarus,BLR,2013,2
Belarus,BLR,2014,2
Belarus,BLR,2015,2
Belarus,BLR,2016,1
Belarus,BLR,2017,1
Belarus,BLR,2018,1
Belarus,BLR,2019,1
Belarus,BLR,2020,1
Belgium,BEL,2000,10
Belgium,BEL,2001,9
Belgium,BEL,2002,9
Belgium,BEL,2003,8
Belgium,BEL,2004,8
Belgium,BEL,2005,8
Belgium,BEL,2006,8
Belgium,BEL,2007,8
Belgium,BEL,2008,8
Belgium,BEL,2009,8
Belgium,BEL,2010,8
Belgium,BEL,2011,7
Belgium,BEL,2012,7
Belgium,BEL,2013,7
Belgium,BEL,2014,6
Belgium,BEL,2015,6
Belgium,BEL,2016,6
Belgium,BEL,2017,6
Belgium,BEL,2018,6
Belgium,BEL,2019,5
Belgium,BEL,2020,5
Belize,BLZ,2000,6
Belize,BLZ,2001,6
Belize,BLZ,2002,5
Belize,BLZ,2003,5
Belize,BLZ,2004,6
Belize,BLZ,2005,5
Belize,BLZ,2006,5
Belize,BLZ,2007,4
Belize,BLZ,2008,3
Belize,BLZ,2009,3
Belize,BLZ,2010,2
Belize,BLZ,2011,2
Belize,BLZ,2012,2
Belize,BLZ,2013,3
Belize,BLZ,2014,3
Belize,BLZ,2015,4
Belize,BLZ,2016,5
Belize,BLZ,2017,6
Belize,BLZ,2018,6
Belize,BLZ,2019,6
Belize,BLZ,2020,9
Benin,BEN,2000,1400
Benin,BEN,2001,1400
Benin,BEN,2002,1600
Benin,BEN,2003,1600
Benin,BEN,2004,1700
Benin,BEN,2005,1700
Benin,BEN,2006,1700
Benin,BEN,2007,1700
Benin,BEN,2008,1800
Benin,BEN,2009,2100
Benin,BEN,2010,2200
Benin,BEN,2011,2300
Benin,BEN,2012,2400
Benin,BEN,2013,2500
Benin,BEN,2014,2500
Benin,BEN,2015,2500
Benin,BEN,2016,2600
Benin,BEN,2017,2600
Benin,BEN,2018,2500
Benin,BEN,2019,2400
Benin,BEN,2020,2500
Bhutan,BTN,2000,46
Bhutan,BTN,2001,39
Bhutan,BTN,2002,36
Bhutan,BTN,2003,31
Bhutan,BTN,2004,29
Bhutan,BTN,2005,28
Bhutan,BTN,2006,26
Bhutan,BTN,2007,21
Bhutan,BTN,2008,20
Bhutan,BTN,2009,18
Bhutan,BTN,2010,16
Bhutan,BTN,2011,13
Bhutan,BTN,2012,12
Bhutan,BTN,2013,11
Bhutan,BTN,2014,10
Bhutan,BTN,2015,10
Bhutan,BTN,2016,8
Bhutan,BTN,2017,8
Bhutan,BTN,2018,6
Bhutan,BTN,2019,6
Bhutan,BTN,2020,6
Bolivia,BOL,2000,730
Bolivia,BOL,2001,660
Bolivia,BOL,2002,650
Bolivia,BOL,2003,640
Bolivia,BOL,2004,600
Bolivia,BOL,2005,590
Bolivia,BOL,2006,570
Bolivia,BOL,2007,580
Bolivia,BOL,2008,550
Bolivia,BOL,2009,490
Bolivia,BOL,2010,480
Bolivia,BOL,2011,470
Bolivia,BOL,2012,470
Bolivia,BOL,2013,460
Bolivia,BOL,2014,430
Bolivia,BOL,2015,430
Bolivia,BOL,2016,420
Bolivia,BOL,2017,430
Bolivia,BOL,2018,450
Bolivia,BOL,2019,460
Bolivia,BOL,2020,420
Bosnia and Herzegovina,BIH,2000,7
Bosnia and Herzegovina,BIH,2001,6
Bosnia and Herzegovina,BIH,2002,6
Bosnia and Herzegovina,BIH,2003,5
Bosnia and Herzegovina,BIH,2004,5
Bosnia and Herzegovina,BIH,2005,4
Bosnia and Herzegovina,BIH,2006,4
Bosnia and Herzegovina,BIH,2007,4
Bosnia and Herzegovina,BIH,2008,3
Bosnia and Herzegovina,BIH,2009,3
Bosnia and Herzegovina,BIH,2010,3
Bosnia and Herzegovina,BIH,2011,3
Bosnia and Herzegovina,BIH,2012,2
Bosnia and Herzegovina,BIH,2013,2
Bosnia and Herzegovina,BIH,2014,3
Bosnia and Herzegovina,BIH,2015,2
Bosnia and Herzegovina,BIH,2016,2
Bosnia and Herzegovina,BIH,2017,2
Bosnia and Herzegovina,BIH,2018,2
Bosnia and Herzegovina,BIH,2019,2
Bosnia and Herzegovina,BIH,2020,2
Botswana,BWA,2000,91
Botswana,BWA,2001,94
Botswana,BWA,2002,89
Botswana,BWA,2003,94
Botswana,BWA,2004,100
Botswana,BWA,2005,110
Botswana,BWA,2006,120
Botswana,BWA,2007,120
Botswana,BWA,2008,130
Botswana,BWA,2009,110
Botswana,BWA,2010,90
Botswana,BWA,2011,130
Botswana,BWA,2012,160
Botswana,BWA,2013,85
Botswana,BWA,2014,110
Botswana,BWA,2015,110
Botswana,BWA,2016,82
Botswana,BWA,2017,67
Botswana,BWA,2018,100
Botswana,BWA,2019,73
Botswana,BWA,2020,120
Brazil,BRA,2000,2400
Brazil,BRA,2001,2300
Brazil,BRA,2002,2400
Brazil,BRA,2003,2200
Brazil,BRA,2004,2300
Brazil,BRA,2005,2300
Brazil,BRA,2006,2300
Brazil,BRA,2007,2200
Brazil,BRA,2008,2200
Brazil,BRA,2009,2100
Brazil,BRA,2010,1900
Brazil,BRA,2011,1900
Brazil,BRA,2012,1700
Brazil,BRA,2013,1800
Brazil,BRA,2014,1900
Brazil,BRA,2015,1900
Brazil,BRA,2016,1800
Brazil,BRA,2017,1800
Brazil,BRA,2018,1800
Brazil,BRA,2019,1800
Brazil,BRA,2020,2000
Brunei,BRN,2000,3
Brunei,BRN,2001,3
Brunei,BRN,2002,3
Brunei,BRN,2003,3
Brunei,BRN,2004,3
Brunei,BRN,2005,3
Brunei,BRN,2006,3
Brunei,BRN,2007,3
Brunei,BRN,2008,3
Brunei,BRN,2009,3
Brunei,BRN,2010,3
Brunei,BRN,2011,3
Brunei,BRN,2012,3
Brunei,BRN,2013,3
Brunei,BRN,2014,3
Brunei,BRN,2015,3
Brunei,BRN,2016,3
Brunei,BRN,2017,3
Brunei,BRN,2018,3
Brunei,BRN,2019,3
Brunei,BRN,2020,3
Bulgaria,BGR,2000,16
Bulgaria,BGR,2001,14
Bulgaria,BGR,2002,13
Bulgaria,BGR,2003,12
Bulgaria,BGR,2004,11
Bulgaria,BGR,2005,10
Bulgaria,BGR,2006,9
Bulgaria,BGR,2007,8
Bulgaria,BGR,2008,7
Bulgaria,BGR,2009,8
Bulgaria,BGR,2010,8
Bulgaria,BGR,2011,6
Bulgaria,BGR,2012,5
Bulgaria,BGR,2013,5
Bulgaria,BGR,2014,5
Bulgaria,BGR,2015,5
Bulgaria,BGR,2016,5
Bulgaria,BGR,2017,5
Bulgaria,BGR,2018,5
Bulgaria,BGR,2019,4
Bulgaria,BGR,2020,4
Burkina Faso,BFA,2000,2700
Burkina Faso,BFA,2001,2700
Burkina Faso,BFA,2002,2800
Burkina Faso,BFA,2003,2600
Burkina Faso,BFA,2004,2600
Burkina Faso,BFA,2005,2600
Burkina Faso,BFA,2006,2600
Burkina Faso,BFA,2007,2600
Burkina Faso,BFA,2008,2500
Burkina Faso,BFA,2009,2500
Burkina Faso,BFA,2010,2500
Burkina Faso,BFA,2011,2400
Burkina Faso,BFA,2012,2300
Burkina Faso,BFA,2013,2400
Burkina Faso,BFA,2014,2300
Burkina Faso,BFA,2015,2200
Burkina Faso,BFA,2016,2200
Burkina Faso,BFA,2017,2100
Burkina Faso,BFA,2018,2100
Burkina Faso,BFA,2019,2200
Burkina Faso,BFA,2020,2000
Burundi,BDI,2000,2400
Burundi,BDI,2001,2300
Burundi,BDI,2002,2300
Burundi,BDI,2003,2400
Burundi,BDI,2004,2400
Burundi,BDI,2005,2400
Burundi,BDI,2006,2500
Burundi,BDI,2007,2500
Burundi,BDI,2008,2400
Burundi,BDI,2009,2500
Burundi,BDI,2010,2600
Burundi,BDI,2011,2500
Burundi,BDI,2012,2500
Burundi,BDI,2013,2400
Burundi,BDI,2014,2300
Burundi,BDI,2015,2300
Burundi,BDI,2016,2200
Burundi,BDI,2017,2100
Burundi,BDI,2018,2200
Burundi,BDI,2019,2100
Burundi,BDI,2020,2200
Cambodia,KHM,2000,2000
Cambodia,KHM,2001,1900
Cambodia,KHM,2002,1600
Cambodia,KHM,2003,1500
Cambodia,KHM,2004,1500
Cambodia,KHM,2005,1300
Cambodia,KHM,2006,1200
Cambodia,KHM,2007,1100
Cambodia,KHM,2008,1100
Cambodia,KHM,2009,950
Cambodia,KHM,2010,940
Cambodia,KHM,2011,860
Cambodia,KHM,2012,850
Cambodia,KHM,2013,790
Cambodia,KHM,2014,790
Cambodia,KHM,2015,720
Cambodia,KHM,2016,670
Cambodia,KHM,2017,690
Cambodia,KHM,2018,700
Cambodia,KHM,2019,700
Cambodia,KHM,2020,710
Cameroon,CMR,2000,4000
Cameroon,CMR,2001,4000
Cameroon,CMR,2002,4000
Cameroon,CMR,2003,3900
Cameroon,CMR,2004,3900
Cameroon,CMR,2005,4100
Cameroon,CMR,2006,4100
Cameroon,CMR,2007,3900
Cameroon,CMR,2008,4100
Cameroon,CMR,2009,4200
Cameroon,CMR,2010,4200
Cameroon,CMR,2011,4200
Cameroon,CMR,2012,4000
Cameroon,CMR,2013,4100
Cameroon,CMR,2014,4000
Cameroon,CMR,2015,3900
Cameroon,CMR,2016,3900
Cameroon,CMR,2017,4000
Cameroon,CMR,2018,3900
Cameroon,CMR,2019,4100
Cameroon,CMR,2020,4100
Canada,CAN,2000,30
Canada,CAN,2001,32
Canada,CAN,2002,34
Canada,CAN,2003,35
Canada,CAN,2004,35
Canada,CAN,2005,38
Canada,CAN,2006,38
Canada,CAN,2007,38
Canada,CAN,2008,48
Canada,CAN,2009,47
Canada,CAN,2010,45
Canada,CAN,2011,44
Canada,CAN,2012,45
Canada,CAN,2013,43
Canada,CAN,2014,44
Canada,CAN,2015,43
Canada,CAN,2016,46
Canada,CAN,2017,47
Canada,CAN,2018,41
Canada,CAN,2019,40
Canada,CAN,2020,41
Cape Verde,CPV,2000,16
Cape Verde,CPV,2001,13
Cape Verde,CPV,2002,12
Cape Verde,CPV,2003,11
Cape Verde,CPV,2004,10
Cape Verde,CPV,2005,9
Cape Verde,CPV,2006,9
Cape Verde,CPV,2007,8
Cape Verde,CPV,2008,8
Cape Verde,CPV,2009,7
Cape Verde,CPV,2010,6
Cape Verde,CPV,2011,5
Cape Verde,CPV,2012,6
Cape Verde,CPV,2013,5
Cape Verde,CPV,2014,5
Cape Verde,CPV,2015,5
Cape Verde,CPV,2016,5
Cape Verde,CPV,2017,4
Cape Verde,CPV,2018,5
Cape Verde,CPV,2019,4
Cape Verde,CPV,2020,4
Central African Republic,CAF,2000,2100
Central African Republic,CAF,2001,2100
Central African Republic,CAF,2002,2100
Central African Republic,CAF,2003,2200
Central African Republic,CAF,2004,2100
Central African Republic,CAF,2005,2100
Central African Republic,CAF,2006,2100
Central African Republic,CAF,2007,2100
Central African Republic,CAF,2008,2100
Central African Republic,CAF,2009,2200
Central African Republic,CAF,2010,2100
Central African Republic,CAF,2011,2100
Central African Republic,CAF,2012,2000
Central African Republic,CAF,2013,2000
Central African Republic,CAF,2014,1900
Central African Republic,CAF,2015,1800
Central African Republic,CAF,2016,1800
Central African Republic,CAF,2017,1900
Central African Republic,CAF,2018,1900
Central African Republic,CAF,2019,1900
Central African Republic,CAF,2020,1900
Chad,TCD,2000,5800
Chad,TCD,2001,5900
Chad,TCD,2002,5700
Chad,TCD,2003,5700
Chad,TCD,2004,5900
Chad,TCD,2005,6200
Chad,TCD,2006,6500
Chad,TCD,2007,6700
Chad,TCD,2008,6800
Chad,TCD,2009,7400
Chad,TCD,2010,7600
Chad,TCD,2011,7600
Chad,TCD,2012,7600
Chad,TCD,2013,7600
Chad,TCD,2014,7300
Chad,TCD,2015,7400
Chad,TCD,2016,7600
Chad,TCD,2017,7400
Chad,TCD,2018,7400
Chad,TCD,2019,7500
Chad,TCD,2020,7800
Chile,CHL,2000,80
Chile,CHL,2001,83
Chile,CHL,2002,76
Chile,CHL,2003,76
Chile,CHL,2004,66
Chile,CHL,2005,62
Chile,CHL,2006,67
Chile,CHL,2007,67
Chile,CHL,2008,62
Chile,CHL,2009,59
Chile,CHL,2010,57
Chile,CHL,2011,49
Chile,CHL,2012,46
Chile,CHL,2013,43
Chile,CHL,2014,38
Chile,CHL,2015,38
Chile,CHL,2016,34
Chile,CHL,2017,33
Chile,CHL,2018,34
Chile,CHL,2019,33
Chile,CHL,2020,34
China,CHN,2000,10000
China,CHN,2001,9100
China,CHN,2002,8800
China,CHN,2003,7000
China,CHN,2004,8000
China,CHN,2005,7600
China,CHN,2006,7200
China,CHN,2007,6800
China,CHN,2008,6800
China,CHN,2009,6200
China,CHN,2010,6000
China,CHN,2011,5700
China,CHN,2012,5500
China,CHN,2013,5200
China,CHN,2014,4800
China,CHN,2015,4500
China,CHN,2016,4300
China,CHN,2017,4000
China,CHN,2018,3200
China,CHN,2019,3000
China,CHN,2020,2800
Colombia,COL,2000,800
Colombia,COL,2001,810
Colombia,COL,2002,790
Colombia,COL,2003,690
Colombia,COL,2004,680
Colombia,COL,2005,670
Colombia,COL,2006,650
Colombia,COL,2007,650
Colombia,COL,2008,570
Colombia,COL,2009,550
Colombia,COL,2010,530
Colombia,COL,2011,530
Colombia,COL,2012,530
Colombia,COL,2013,520
Colombia,COL,2014,520
Colombia,COL,2015,510
Colombia,COL,2016,510
Colombia,COL,2017,520
Colombia,COL,2018,460
Colombia,COL,2019,480
Colombia,COL,2020,550
Comoros,COM,2000,87
Comoros,COM,2001,83
Comoros,COM,2002,78
Comoros,COM,2003,77
Comoros,COM,2004,75
Comoros,COM,2005,76
Comoros,COM,2006,77
Comoros,COM,2007,75
Comoros,COM,2008,76
Comoros,COM,2009,68
Comoros,COM,2010,70
Comoros,COM,2011,67
Comoros,COM,2012,68
Comoros,COM,2013,65
Comoros,COM,2014,67
Comoros,COM,2015,60
Comoros,COM,2016,61
Comoros,COM,2017,58
Comoros,COM,2018,58
Comoros,COM,2019,57
Comoros,COM,2020,52
Congo,COG,2000,760
Congo,COG,2001,780
Congo,COG,2002,770
Congo,COG,2003,750
Congo,COG,2004,710
Congo,COG,2005,670
Congo,COG,2006,680
Congo,COG,2007,650
Congo,COG,2008,650
Congo,COG,2009,670
Congo,COG,2010,670
Congo,COG,2011,680
Congo,COG,2012,710
Congo,COG,2013,640
Congo,COG,2014,660
Congo,COG,2015,630
Congo,COG,2016,620
Congo,COG,2017,640
Congo,COG,2018,650
Congo,COG,2019,520
Congo,COG,2020,500
Costa Rica,CRI,2000,30
Costa Rica,CRI,2001,29
Costa Rica,CRI,2002,27
Costa Rica,CRI,2003,27
Costa Rica,CRI,2004,23
Costa Rica,CRI,2005,22
Costa Rica,CRI,2006,21
Costa Rica,CRI,2007,21
Costa Rica,CRI,2008,21
Costa Rica,CRI,2009,20
Costa Rica,CRI,2010,20
Costa Rica,CRI,2011,18
Costa Rica,CRI,2012,18
Costa Rica,CRI,2013,17
Costa Rica,CRI,2014,17
Costa Rica,CRI,2015,14
Costa Rica,CRI,2016,13
Costa Rica,CRI,2017,13
Costa Rica,CRI,2018,12
Costa Rica,CRI,2019,12
Costa Rica,CRI,2020,14
Cote d'Ivoire,CIV,2000,3600
Cote d'Ivoire,CIV,2001,3800
Cote d'Ivoire,CIV,2002,4000
Cote d'Ivoire,CIV,2003,4200
Cote d'Ivoire,CIV,2004,4200
Cote d'Ivoire,CIV,2005,4300
Cote d'Ivoire,CIV,2006,4600
Cote d'Ivoire,CIV,2007,4700
Cote d'Ivoire,CIV,2008,4700
Cote d'Ivoire,CIV,2009,5000
Cote d'Ivoire,CIV,2010,5000
Cote d'Ivoire,CIV,2011,4900
Cote d'Ivoire,CIV,2012,5000
Cote d'Ivoire,CIV,2013,4800
Cote d'Ivoire,CIV,2014,4600
Cote d'Ivoire,CIV,2015,4500
Cote d'Ivoire,CIV,2016,4700
Cote d'Ivoire,CIV,2017,4600
Cote d'Ivoire,CIV,2018,4700
Cote d'Ivoire,CIV,2019,4400
Cote d'Ivoire,CIV,2020,4400
Croatia,HRV,2000,5
Croatia,HRV,2001,5
Croatia,HRV,2002,5
Croatia,HRV,2003,5
Croatia,HRV,2004,4
Croatia,HRV,2005,4
Croatia,HRV,2006,4
Croatia,HRV,2007,4
Croatia,HRV,2008,4
Croatia,HRV,2009,4
Croatia,HRV,2010,3
Croatia,HRV,2011,3
Croatia,HRV,2012,3
Croatia,HRV,2013,2
Croatia,HRV,2014,2
Croatia,HRV,2015,2
Croatia,HRV,2016,2
Croatia,HRV,2017,2
Croatia,HRV,2018,2
Croatia,HRV,2019,2
Croatia,HRV,2020,2
Cuba,CUB,2000,66
Cuba,CUB,2001,63
Cuba,CUB,2002,62
Cuba,CUB,2003,51
Cuba,CUB,2004,51
Cuba,CUB,2005,51
Cuba,CUB,2006,50
Cuba,CUB,2007,51
Cuba,CUB,2008,51
Cuba,CUB,2009,52
Cuba,CUB,2010,53
Cuba,CUB,2011,53
Cuba,CUB,2012,52
Cuba,CUB,2013,51
Cuba,CUB,2014,50
Cuba,CUB,2015,49
Cuba,CUB,2016,48
Cuba,CUB,2017,46
Cuba,CUB,2018,45
Cuba,CUB,2019,44
Cuba,CUB,2020,42
Cyprus,CYP,2000,4
Cyprus,CYP,2001,4
Cyprus,CYP,2002,4
Cyprus,CYP,2003,4
Cyprus,CYP,2004,4
Cyprus,CYP,2005,3
Cyprus,CYP,2006,4
Cyprus,CYP,2007,3
Cyprus,CYP,2008,3
Cyprus,CYP,2009,4
Cyprus,CYP,2010,4
Cyprus,CYP,2011,4
Cyprus,CYP,2012,4
Cyprus,CYP,2013,5
Cyprus,CYP,2014,5
Cyprus,CYP,2015,6
Cyprus,CYP,2016,6
Cyprus,CYP,2017,6
Cyprus,CYP,2018,8
Cyprus,CYP,2019,8
Cyprus,CYP,2020,9
Czechia,CZE,2000,7
Czechia,CZE,2001,7
Czechia,CZE,2002,6
Czechia,CZE,2003,6
Czechia,CZE,2004,6
Czechia,CZE,2005,5
Czechia,CZE,2006,5
Czechia,CZE,2007,6
Czechia,CZE,2008,5
Czechia,CZE,2009,5
Czechia,CZE,2010,5
Czechia,CZE,2011,4
Czechia,CZE,2012,4
Czechia,CZE,2013,4
Czechia,CZE,2014,3
Czechia,CZE,2015,4
Czechia,CZE,2016,4
Czechia,CZE,2017,4
Czechia,CZE,2018,4
Czechia,CZE,2019,4
Czechia,CZE,2020,4
Democratic Republic of Congo,COD,2000,15000
Democratic Republic of Congo,COD,2001,15000
Democratic Republic of Congo,COD,2002,15000
Democratic Republic of Congo,COD,2003,16000
Democratic Republic of Congo,COD,2004,16000
Democratic Republic of Congo,COD,2005,16000
Democratic Republic of Congo,COD,2006,16000
Democratic Republic of Congo,COD,2007,17000
Democratic Republic of Congo,COD,2008,17000
Democratic Republic of Congo,COD,2009,17000
Democratic Republic of Congo,COD,2010,18000
Democratic Republic of Congo,COD,2011,18000
Democratic Republic of Congo,COD,2012,19000
Democratic Republic of Congo,COD,2013,19000
Democratic Republic of Congo,COD,2014,19000
Democratic Republic of Congo,COD,2015,20000
Democratic Republic of Congo,COD,2016,20000
Democratic Republic of Congo,COD,2017,21000
Democratic Republic of Congo,COD,2018,20000
Democratic Republic of Congo,COD,2019,21000
Democratic Republic of Congo,COD,2020,22000
Denmark,DNK,2000,5
Denmark,DNK,2001,5
Denmark,DNK,2002,5
Denmark,DNK,2003,5
Denmark,DNK,2004,5
Denmark,DNK,2005,4
Denmark,DNK,2006,4
Denmark,DNK,2007,5
Denmark,DNK,2008,4
Denmark,DNK,2009,4
Denmark,DNK,2010,4
Denmark,DNK,2011,4
Denmark,DNK,2012,4
Denmark,DNK,2013,3
Denmark,DNK,2014,3
Denmark,DNK,2015,3
Denmark,DNK,2016,3
Denmark,DNK,2017,3
Denmark,DNK,2018,3
Denmark,DNK,2019,3
Denmark,DNK,2020,3
Djibouti,DJI,2000,130
Djibouti,DJI,2001,120
Djibouti,DJI,2002,120
Djibouti,DJI,2003,110
Djibouti,DJI,2004,100
Djibouti,DJI,2005,92
Djibouti,DJI,2006,81
Djibouti,DJI,2007,78
Djibouti,DJI,2008,77
Djibouti,DJI,2009,71
Djibouti,DJI,2010,66
Djibouti,DJI,2011,64
Djibouti,DJI,2012,62
Djibouti,DJI,2013,59
Djibouti,DJI,2014,57
Djibouti,DJI,2015,59
Djibouti,DJI,2016,60
Djibouti,DJI,2017,59
Djibouti,DJI,2018,62
Djibouti,DJI,2019,59
Djibouti,DJI,2020,56
Dominican Republic,DOM,2000,170
Dominican Republic,DOM,2001,140
Dominican Republic,DOM,2002,150
Dominican Republic,DOM,2003,160
Dominican Republic,DOM,2004,170
Dominican Republic,DOM,2005,180
Dominican Republic,DOM,2006,170
Dominican Republic,DOM,2007,180
Dominican Republic,DOM,2008,190
Dominican Republic,DOM,2009,200
Dominican Republic,DOM,2010,200
Dominican Republic,DOM,2011,200
Dominican Republic,DOM,2012,200
Dominican Republic,DOM,2013,200
Dominican Republic,DOM,2014,210
Dominican Republic,DOM,2015,210
Dominican Republic,DOM,2016,220
Dominican Republic,DOM,2017,220
Dominican Republic,DOM,2018,230
Dominican Republic,DOM,2019,220
Dominican Republic,DOM,2020,220
East Asia and Pacific (WB),,2000,38000
East Asia and Pacific (WB),,2001,36000
East Asia and Pacific (WB),,2002,35000
East Asia and Pacific (WB),,2003,31000
East Asia and Pacific (WB),,2004,33000
East Asia and Pacific (WB),,2005,32000
East Asia and Pacific (WB),,2006,31000
East Asia and Pacific (WB),,2007,30000
East Asia and Pacific (WB),,2008,30000
East Asia and Pacific (WB),,2009,28000
East Asia and Pacific (WB),,2010,27000
East Asia and Pacific (WB),,2011,27000
East Asia and Pacific (WB),,2012,25000
East Asia and Pacific (WB),,2013,24000
East Asia and Pacific (WB),,2014,23000
East Asia and Pacific (WB),,2015,22000
East Asia and Pacific (WB),,2016,22000
East Asia and Pacific (WB),,2017,22000
East Asia and Pacific (WB),,2018,20000
East Asia and Pacific (WB),,2019,19000
East Asia and Pacific (WB),,2020,18000
East Timor,TLS,2000,260
East Timor,TLS,2001,260
East Timor,TLS,2002,250
East Timor,TLS,2003,230
East Timor,TLS,2004,220
East Timor,TLS,2005,200
East Timor,TLS,2006,190
East Timor,TLS,2007,170
East Timor,TLS,2008,160
East Timor,TLS,2009,150
East Timor,TLS,2010,130
East Timor,TLS,2011,120
East Timor,TLS,2012,110
East Timor,TLS,2013,110
East Timor,TLS,2014,96
East Timor,TLS,2015,94
East Timor,TLS,2016,87
East Timor,TLS,2017,85
East Timor,TLS,2018,82
East Timor,TLS,2019,74
East Timor,TLS,2020,67
Ecuador,ECU,2000,390
Ecuador,ECU,2001,370
Ecuador,ECU,2002,360
Ecuador,ECU,2003,310
Ecuador,ECU,2004,300
Ecuador,ECU,2005,300
Ecuador,ECU,2006,290
Ecuador,ECU,2007,290
Ecuador,ECU,2008,280
Ecuador,ECU,2009,280
Ecuador,ECU,2010,250
Ecuador,ECU,2011,240
Ecuador,ECU,2012,230
Ecuador,ECU,2013,230
Ecuador,ECU,2014,200
Ecuador,ECU,2015,200
Ecuador,ECU,2016,210
Ecuador,ECU,2017,210
Ecuador,ECU,2018,210
Ecuador,ECU,2019,220
Ecuador,ECU,2020,200
Egypt,EGY,2000,1500
Egypt,EGY,2001,1500
Egypt,EGY,2002,1400
Egypt,EGY,2003,1300
Egypt,EGY,2004,1300
Egypt,EGY,2005,1200
Egypt,EGY,2006,1100
Egypt,EGY,2007,1000
Egypt,EGY,2008,960
Egypt,EGY,2009,900
Egypt,EGY,2010,910
Egypt,EGY,2011,840
Egypt,EGY,2012,790
Egypt,EGY,2013,750
Egypt,EGY,2014,690
Egypt,EGY,2015,660
Egypt,EGY,2016,550
Egypt,EGY,2017,500
Egypt,EGY,2018,490
Egypt,EGY,2019,440
Egypt,EGY,2020,420
El Salvador,SLV,2000,81
El Salvador,SLV,2001,75
El Salvador,SLV,2002,58
El Salvador,SLV,2003,55
El Salvador,SLV,2004,47
El Salvador,SLV,2005,46
El Salvador,SLV,2006,45
El Salvador,SLV,2007,45
El Salvador,SLV,2008,41
El Salvador,SLV,2009,43
El Salvador,SLV,2010,43
El Salvador,SLV,2011,44
El Salvador,SLV,2012,44
El Salvador,SLV,2013,46
El Salvador,SLV,2014,49
El Salvador,SLV,2015,51
El Salvador,SLV,2016,47
El Salvador,SLV,2017,48
El Salvador,SLV,2018,46
El Salvador,SLV,2019,40
El Salvador,SLV,2020,44
Equatorial Guinea,GNQ,2000,120
Equatorial Guinea,GNQ,2001,110
Equatorial Guinea,GNQ,2002,110
Equatorial Guinea,GNQ,2003,98
Equatorial Guinea,GNQ,2004,94
Equatorial Guinea,GNQ,2005,88
Equatorial Guinea,GNQ,2006,87
Equatorial Guinea,GNQ,2007,86
Equatorial Guinea,GNQ,2008,90
Equatorial Guinea,GNQ,2009,92
Equatorial Guinea,GNQ,2010,89
Equatorial Guinea,GNQ,2011,84
Equatorial Guinea,GNQ,2012,79
Equatorial Guinea,GNQ,2013,84
Equatorial Guinea,GNQ,2014,95
Equatorial Guinea,GNQ,2015,94
Equatorial Guinea,GNQ,2016,88
Equatorial Guinea,GNQ,2017,95
Equatorial Guinea,GNQ,2018,110
Equatorial Guinea,GNQ,2019,110
Equatorial Guinea,GNQ,2020,110
Eritrea,ERI,2000,670
Eritrea,ERI,2001,590
Eritrea,ERI,2002,610
Eritrea,ERI,2003,590
Eritrea,ERI,2004,590
Eritrea,ERI,2005,570
Eritrea,ERI,2006,550
Eritrea,ERI,2007,540
Eritrea,ERI,2008,550
Eritrea,ERI,2009,510
Eritrea,ERI,2010,510
Eritrea,ERI,2011,490
Eritrea,ERI,2012,450
Eritrea,ERI,2013,440
Eritrea,ERI,2014,420
Eritrea,ERI,2015,410
Eritrea,ERI,2016,390
Eritrea,ERI,2017,360
Eritrea,ERI,2018,340
Eritrea,ERI,2019,340
Eritrea,ERI,2020,330
Estonia,EST,2000,3
Estonia,EST,2001,3
Estonia,EST,2002,3
Estonia,EST,2003,2
Estonia,EST,2004,2
Estonia,EST,2005,2
Estonia,EST,2006,2
Estonia,EST,2007,2
Estonia,EST,2008,2
Estonia,EST,2009,1
Estonia,EST,2010,1
Estonia,EST,2011,1
Estonia,EST,2012,1
Estonia,EST,2013,1
Estonia,EST,2014,1
Estonia,EST,2015,1
Estonia,EST,2016,1
Estonia,EST,2017,1
Estonia,EST,2018,1
Estonia,EST,2019,1
Estonia,EST,2020,1
Eswatini,SWZ,2000,190
Eswatini,SWZ,2001,200
Eswatini,SWZ,2002,200
Eswatini,SWZ,2003,220
Eswatini,SWZ,2004,230
Eswatini,SWZ,2005,230
Eswatini,SWZ,2006,220
Eswatini,SWZ,2007,230
Eswatini,SWZ,2008,240
Eswatini,SWZ,2009,270
Eswatini,SWZ,2010,220
Eswatini,SWZ,2011,210
Eswatini,SWZ,2012,200
Eswatini,SWZ,2013,170
Eswatini,SWZ,2014,140
Eswatini,SWZ,2015,110
Eswatini,SWZ,2016,85
Eswatini,SWZ,2017,73
Eswatini,SWZ,2018,65
Eswatini,SWZ,2019,66
Eswatini,SWZ,2020,69
Ethiopia,ETH,2000,28000
Ethiopia,ETH,2001,29000
Ethiopia,ETH,2002,30000
Ethiopia,ETH,2003,28000
Ethiopia,ETH,2004,28000
Ethiopia,ETH,2005,28000
Ethiopia,ETH,2006,26000
Ethiopia,ETH,2007,25000
Ethiopia,ETH,2008,24000
Ethiopia,ETH,2009,22000
Ethiopia,ETH,2010,21000
Ethiopia,ETH,2011,20000
Ethiopia,ETH,2012,18000
Ethiopia,ETH,2013,16000
Ethiopia,ETH,2014,15000
Ethiopia,ETH,2015,14000
Ethiopia,ETH,2016,12000
Ethiopia,ETH,2017,12000
Ethiopia,ETH,2018,11000
Ethiopia,ETH,2019,11000
Ethiopia,ETH,2020,10000
Europe and Central Asia (WB),,2000,2700
Europe and Central Asia (WB),,2001,2500
Europe and Central Asia (WB),,2002,2500
Europe and Central Asia (WB),,2003,2300
Europe and Central Asia (WB),,2004,2200
Europe and Central Asia (WB),,2005,2100
Europe and Central Asia (WB),,2006,2000
Europe and Central Asia (WB),,2007,1900
Europe and Central Asia (WB),,2008,1800
Europe and Central Asia (WB),,2009,1800
Europe and Central Asia (WB),,2010,1700
Europe and Central Asia (WB),,2011,1600
Europe and Central Asia (WB),,2012,1600
Europe and Central Asia (WB),,2013,1500
Europe and Central Asia (WB),,2014,1400
Europe and Central Asia (WB),,2015,1400
Europe and Central Asia (WB),,2016,1400
Europe and Central Asia (WB),,2017,1300
Europe and Central Asia (WB),,2018,1300
Europe and Central Asia (WB),,2019,1200
Europe and Central Asia (WB),,2020,1300
European Union (27),,2000,490
European Union (27),,2001,470
European Union (27),,2002,450
European Union (27),,2003,440
European Union (27),,2004,420
European Union (27),,2005,400
European Union (27),,2006,370
European Union (27),,2007,350
European Union (27),,2008,360
European Union (27),,2009,350
European Union (27),,2010,340
European Union (27),,2011,320
European Union (27),,2012,310
European Union (27),,2013,290
European Union (27),,2014,280
European Union (27),,2015,270
European Union (27),,2016,270
European Union (27),,2017,260
European Union (27),,2018,250
European Union (27),,2019,240
European Union (27),,2020,240
Fiji,FJI,2000,10
Fiji,FJI,2001,10
Fiji,FJI,2002,10
Fiji,FJI,2003,10
Fiji,FJI,2004,10
Fiji,FJI,2005,10
Fiji,FJI,2006,9
Fiji,FJI,2007,9
Fiji,FJI,2008,9
Fiji,FJI,2009,9
Fiji,FJI,2010,9
Fiji,FJI,2011,8
Fiji,FJI,2012,8
Fiji,FJI,2013,8
Fiji,FJI,2014,8
Fiji,FJI,2015,8
Fiji,FJI,2016,8
Fiji,FJI,2017,7
Fiji,FJI,2018,7
Fiji,FJI,2019,7
Fiji,FJI,2020,7
Finland,FIN,2000,4
Finland,FIN,2001,4
Finland,FIN,2002,4
Finland,FIN,2003,4
Finland,FIN,2004,4
Finland,FIN,2005,4
Finland,FIN,2006,4
Finland,FIN,2007,4
Finland,FIN,2008,4
Finland,FIN,2009,4
Finland,FIN,2010,4
Finland,FIN,2011,4
Finland,FIN,2012,4
Finland,FIN,2013,4
Finland,FIN,2014,4
Finland,FIN,2015,4
Finland,FIN,2016,4
Finland,FIN,2017,4
Finland,FIN,2018,4
Finland,FIN,2019,4
Finland,FIN,2020,4
France,FRA,2000,72
France,FRA,2001,71
France,FRA,2002,71
France,FRA,2003,69
France,FRA,2004,68
France,FRA,2005,67
France,FRA,2006,77
France,FRA,2007,65
France,FRA,2008,77
France,FRA,2009,77
France,FRA,2010,74
France,FRA,2011,72
France,FRA,2012,70
France,FRA,2013,68
France,FRA,2014,67
France,FRA,2015,57
France,FRA,2016,56
France,FRA,2017,54
France,FRA,2018,55
France,FRA,2019,54
France,FRA,2020,54
Gabon,GAB,2000,110
Gabon,GAB,2001,100
Gabon,GAB,2002,100
Gabon,GAB,2003,100
Gabon,GAB,2004,100
Gabon,GAB,2005,110
Gabon,GAB,2006,120
Gabon,GAB,2007,120
Gabon,GAB,2008,110
Gabon,GAB,2009,110
Gabon,GAB,2010,110
Gabon,GAB,2011,110
Gabon,GAB,2012,110
Gabon,GAB,2013,120
Gabon,GAB,2014,130
Gabon,GAB,2015,130
Gabon,GAB,2016,140
Gabon,GAB,2017,140
Gabon,GAB,2018,150
Gabon,GAB,2019,140
Gabon,GAB,2020,140
Gambia,GMB,2000,480
Gambia,GMB,2001,480
Gambia,GMB,2002,500
Gambia,GMB,2003,510
Gambia,GMB,2004,510
Gambia,GMB,2005,500
Gambia,GMB,2006,500
Gambia,GMB,2007,520
Gambia,GMB,2008,510
Gambia,GMB,2009,500
Gambia,GMB,2010,500
Gambia,GMB,2011,480
Gambia,GMB,2012,480
Gambia,GMB,2013,500
Gambia,GMB,2014,460
Gambia,GMB,2015,450
Gambia,GMB,2016,430
Gambia,GMB,2017,420
Gambia,GMB,2018,430
Gambia,GMB,2019,410
Gambia,GMB,2020,400
Georgia,GEO,2000,27
Georgia,GEO,2001,22
Georgia,GEO,2002,21
Georgia,GEO,2003,21
Georgia,GEO,2004,25
Georgia,GEO,2005,23
Georgia,GEO,2006,22
Georgia,GEO,2007,23
Georgia,GEO,2008,23
Georgia,GEO,2009,25
Georgia,GEO,2010,24
Georgia,GEO,2011,22
Georgia,GEO,2012,20
Georgia,GEO,2013,19
Georgia,GEO,2014,17
Georgia,GEO,2015,18
Georgia,GEO,2016,14
Georgia,GEO,2017,14
Georgia,GEO,2018,14
Georgia,GEO,2019,13
Georgia,GEO,2020,14
Germany,DEU,2000,54
Germany,DEU,2001,52
Germany,DEU,2002,51
Germany,DEU,2003,50
Germany,DEU,2004,47
Germany,DEU,2005,47
Germany,DEU,2006,36
Germany,DEU,2007,44
Germany,DEU,2008,43
Germany,DEU,2009,43
Germany,DEU,2010,42
Germany,DEU,2011,40
Germany,DEU,2012,38
Germany,DEU,2013,37
Germany,DEU,2014,34
Germany,DEU,2015,34
Germany,DEU,2016,39
Germany,DEU,2017,37
Germany,DEU,2018,37
Germany,DEU,2019,34
Germany,DEU,2020,34
Ghana,GHA,2000,3500
Ghana,GHA,2001,3400
Ghana,GHA,2002,3200
Ghana,GHA,2003,3200
Ghana,GHA,2004,3200
Ghana,GHA,2005,3100
Ghana,GHA,2006,2900
Ghana,GHA,2007,2800
Ghana,GHA,2008,2900
Ghana,GHA,2009,2800
Ghana,GHA,2010,2800
Ghana,GHA,2011,2700
Ghana,GHA,2012,2700
Ghana,GHA,2013,2700
Ghana,GHA,2014,2600
Ghana,GHA,2015,2600
Ghana,GHA,2016,2300
Ghana,GHA,2017,2400
Ghana,GHA,2018,2400
Ghana,GHA,2019,2200
Ghana,GHA,2020,2400
Greece,GRC,2000,4
Greece,GRC,2001,4
Greece,GRC,2002,4
Greece,GRC,2003,4
Greece,GRC,2004,4
Greece,GRC,2005,4
Greece,GRC,2006,4
Greece,GRC,2007,4
Greece,GRC,2008,4
Greece,GRC,2009,4
Greece,GRC,2010,4
Greece,GRC,2011,4
Greece,GRC,2012,4
Greece,GRC,2013,4
Greece,GRC,2014,4
Greece,GRC,2015,5
Greece,GRC,2016,5
Greece,GRC,2017,5
Greece,GRC,2018,5
Greece,GRC,2019,5
Greece,GRC,2020,6
Grenada,GRD,2000,1
Grenada,GRD,2001,1
Grenada,GRD,2002,1
Grenada,GRD,2003,1
Grenada,GRD,2004,1
Grenada,GRD,2005,1
Grenada,GRD,2006,1
Grenada,GRD,2007,1
Grenada,GRD,2008,1
Grenada,GRD,2009,1
Grenada,GRD,2010,1
Grenada,GRD,2011,1
Grenada,GRD,2012,1
Grenada,GRD,2013,1
Grenada,GRD,2014,0
Grenada,GRD,2015,0
Grenada,GRD,2016,0
Grenada,GRD,2017,0
Grenada,GRD,2018,0
Grenada,GRD,2019,0
Grenada,GRD,2020,0
Guatemala,GTM,2000,620
Guatemala,GTM,2001,580
Guatemala,GTM,2002,580
Guatemala,GTM,2003,590
Guatemala,GTM,2004,570
Guatemala,GTM,2005,600
Guatemala,GTM,2006,540
Guatemala,GTM,2007,540
Guatemala,GTM,2008,540
Guatemala,GTM,2009,500
Guatemala,GTM,2010,490
Guatemala,GTM,2011,480
Guatemala,GTM,2012,480
Guatemala,GTM,2013,440
Guatemala,GTM,2014,440
Guatemala,GTM,2015,440
Guatemala,GTM,2016,430
Guatemala,GTM,2017,390
Guatemala,GTM,2018,400
Guatemala,GTM,2019,390
Guatemala,GTM,2020,360
Guinea,GIN,2000,3400
Guinea,GIN,2001,3300
Guinea,GIN,2002,3200
Guinea,GIN,2003,3200
Guinea,GIN,2004,3200
Guinea,GIN,2005,3100
Guinea,GIN,2006,3000
Guinea,GIN,2007,2900
Guinea,GIN,2008,2900
Guinea,GIN,2009,3000
Guinea,GIN,2010,3000
Guinea,GIN,2011,3100
Guinea,GIN,2012,2800
Guinea,GIN,2013,2900
Guinea,GIN,2014,2800
Guinea,GIN,2015,2900
Guinea,GIN,2016,2800
Guinea,GIN,2017,2600
Guinea,GIN,2018,2600
Guinea,GIN,2019,2500
Guinea,GIN,2020,2600
Guinea-Bissau,GNB,2000,680
Guinea-Bissau,GNB,2001,640
Guinea-Bissau,GNB,2002,610
Guinea-Bissau,GNB,2003,610
Guinea-Bissau,GNB,2004,560
Guinea-Bissau,GNB,2005,560
Guinea-Bissau,GNB,2006,510
Guinea-Bissau,GNB,2007,500
Guinea-Bissau,GNB,2008,500
Guinea-Bissau,GNB,2009,480
Guinea-Bissau,GNB,2010,480
Guinea-Bissau,GNB,2011,480
Guinea-Bissau,GNB,2012,480
Guinea-Bissau,GNB,2013,470
Guinea-Bissau,GNB,2014,470
Guinea-Bissau,GNB,2015,460
Guinea-Bissau,GNB,2016,420
Guinea-Bissau,GNB,2017,440
Guinea-Bissau,GNB,2018,410
Guinea-Bissau,GNB,2019,450
Guinea-Bissau,GNB,2020,460
Guyana,GUY,2000,38
Guyana,GUY,2001,36
Guyana,GUY,2002,33
Guyana,GUY,2003,32
Guyana,GUY,2004,31
Guyana,GUY,2005,31
Guyana,GUY,2006,30
Guyana,GUY,2007,29
Guyana,GUY,2008,25
Guyana,GUY,2009,25
Guyana,GUY,2010,24
Guyana,GUY,2011,23
Guyana,GUY,2012,22
Guyana,GUY,2013,21
Guyana,GUY,2014,21
Guyana,GUY,2015,21
Guyana,GUY,2016,20
Guyana,GUY,2017,20
Guyana,GUY,2018,19
Guyana,GUY,2019,19
Guyana,GUY,2020,18
Haiti,HTI,2000,1100
Haiti,HTI,2001,1100
Haiti,HTI,2002,1000
Haiti,HTI,2003,980
Haiti,HTI,2004,1100
Haiti,HTI,2005,960
Haiti,HTI,2006,910
Haiti,HTI,2007,970
Haiti,HTI,2008,1000
Haiti,HTI,2009,1100
Haiti,HTI,2010,1100
Haiti,HTI,2011,1200
Haiti,HTI,2012,1000
Haiti,HTI,2013,1100
Haiti,HTI,2014,1000
Haiti,HTI,2015,1100
Haiti,HTI,2016,1100
Haiti,HTI,2017,950
Haiti,HTI,2018,970
Haiti,HTI,2019,950
Haiti,HTI,2020,950
High-income countries,,2000,1700
High-income countries,,2001,1700
High-income countries,,2002,1600
High-income countries,,2003,1600
High-income countries,,2004,1600
High-income countries,,2005,1500
High-income countries,,2006,1500
High-income countries,,2007,1500
High-income countries,,2008,1500
High-income countries,,2009,1600
High-income countries,,2010,1400
High-income countries,,2011,1500
High-income countries,,2012,1500
High-income countries,,2013,1400
High-income countries,,2014,1400
High-income countries,,2015,1400
High-income countries,,2016,1500
High-income countries,,2017,1500
High-income countries,,2018,1400
High-income countries,,2019,1400
High-income countries,,2020,1500
Honduras,HND,2000,180
Honduras,HND,2001,170
Honduras,HND,2002,170
Honduras,HND,2003,170
Honduras,HND,2004,160
Honduras,HND,2005,170
Honduras,HND,2006,170
Honduras,HND,2007,170
Honduras,HND,2008,180
Honduras,HND,2009,160
Honduras,HND,2010,160
Honduras,HND,2011,150
Honduras,HND,2012,140
Honduras,HND,2013,140
Honduras,HND,2014,140
Honduras,HND,2015,140
Honduras,HND,2016,130
Honduras,HND,2017,140
Honduras,HND,2018,140
Honduras,HND,2019,140
Honduras,HND,2020,160
Hungary,HUN,2000,14
Hungary,HUN,2001,13
Hungary,HUN,2002,13
Hungary,HUN,2003,13
Hungary,HUN,2004,13
Hungary,HUN,2005,13
Hungary,HUN,2006,13
Hungary,HUN,2007,14
Hungary,HUN,2008,14
Hungary,HUN,2009,14
Hungary,HUN,2010,14
Hungary,HUN,2011,14
Hungary,HUN,2012,14
Hungary,HUN,2013,14
Hungary,HUN,2014,14
Hungary,HUN,2015,14
Hungary,HUN,2016,13
Hungary,HUN,2017,14
Hungary,HUN,2018,14
Hungary,HUN,2019,13
Hungary,HUN,2020,14
Iceland,ISL,2000,0
Iceland,ISL,2001,0
Iceland,ISL,2002,0
Iceland,ISL,2003,0
Iceland,ISL,2004,0
Iceland,ISL,2005,0
Iceland,ISL,2006,0
Iceland,ISL,2007,0
Iceland,ISL,2008,0
Iceland,ISL,2009,0
Iceland,ISL,2010,0
Iceland,ISL,2011,0
Iceland,ISL,2012,0
Iceland,ISL,2013,0
Iceland,ISL,2014,0
Iceland,ISL,2015,0
Iceland,ISL,2016,0
Iceland,ISL,2017,0
Iceland,ISL,2018,0
Iceland,ISL,2019,0
Iceland,ISL,2020,0
India,IND,2000,110000
India,IND,2001,107000
India,IND,2002,94000
India,IND,2003,89000
India,IND,2004,85000
India,IND,2005,79000
India,IND,2006,68000
India,IND,2007,63000
India,IND,2008,59000
India,IND,2009,56000
India,IND,2010,48000
India,IND,2011,45000
India,IND,2012,42000
India,IND,2013,40000
India,IND,2014,34000
India,IND,2015,32000
India,IND,2016,30000
India,IND,2017,29000
India,IND,2018,28000
India,IND,2019,27000
India,IND,2020,24000
Indonesia,IDN,2000,14000
Indonesia,IDN,2001,13000
Indonesia,IDN,2002,13000
Indonesia,IDN,2003,13000
Indonesia,IDN,2004,13000
Indonesia,IDN,2005,13000
Indonesia,IDN,2006,12000
Indonesia,IDN,2007,12000
Indonesia,IDN,2008,13000
Indonesia,IDN,2009,12000
Indonesia,IDN,2010,11000
Indonesia,IDN,2011,12000
Indonesia,IDN,2012,10000
Indonesia,IDN,2013,9500
Indonesia,IDN,2014,9400
Indonesia,IDN,2015,9300
Indonesia,IDN,2016,9100
Indonesia,IDN,2017,9000
Indonesia,IDN,2018,8300
Indonesia,IDN,2019,7200
Indonesia,IDN,2020,7800
Iran,IRN,2000,470
Iran,IRN,2001,460
Iran,IRN,2002,450
Iran,IRN,2003,440
Iran,IRN,2004,420
Iran,IRN,2005,340
Iran,IRN,2006,350
Iran,IRN,2007,350
Iran,IRN,2008,420
Iran,IRN,2009,480
Iran,IRN,2010,420
Iran,IRN,2011,360
Iran,IRN,2012,330
Iran,IRN,2013,360
Iran,IRN,2014,330
Iran,IRN,2015,320
Iran,IRN,2016,310
Iran,IRN,2017,290
Iran,IRN,2018,260
Iran,IRN,2019,270
Iran,IRN,2020,270
Iraq,IRQ,2000,1000
Iraq,IRQ,2001,1000
Iraq,IRQ,2002,1000
Iraq,IRQ,2003,1100
Iraq,IRQ,2004,1100
Iraq,IRQ,2005,1100
Iraq,IRQ,2006,1200
Iraq,IRQ,2007,1200
Iraq,IRQ,2008,1300
Iraq,IRQ,2009,1300
Iraq,IRQ,2010,1200
Iraq,IRQ,2011,1300
Iraq,IRQ,2012,1300
Iraq,IRQ,2013,1300
Iraq,IRQ,2014,1200
Iraq,IRQ,2015,1200
Iraq,IRQ,2016,990
Iraq,IRQ,2017,890
Iraq,IRQ,2018,830
Iraq,IRQ,2019,850
Iraq,IRQ,2020,900
Ireland,IRL,2000,6
Ireland,IRL,2001,5
Ireland,IRL,2002,5
Ireland,IRL,2003,5
Ireland,IRL,2004,5
Ireland,IRL,2005,5
Ireland,IRL,2006,5
Ireland,IRL,2007,5
Ireland,IRL,2008,6
Ireland,IRL,2009,5
Ireland,IRL,2010,5
Ireland,IRL,2011,5
Ireland,IRL,2012,5
Ireland,IRL,2013,4
Ireland,IRL,2014,4
Ireland,IRL,2015,4
Ireland,IRL,2016,3
Ireland,IRL,2017,3
Ireland,IRL,2018,3
Ireland,IRL,2019,3
Ireland,IRL,2020,3
Israel,ISR,2000,11
Israel,ISR,2001,9
Israel,ISR,2002,8
Israel,ISR,2003,7
Israel,ISR,2004,6
Israel,ISR,2005,6
Israel,ISR,2006,6
Israel,ISR,2007,5
Israel,ISR,2008,5
Israel,ISR,2009,5
Israel,ISR,2010,5
Israel,ISR,2011,5
Israel,ISR,2012,5
Israel,ISR,2013,5
Israel,ISR,2014,5
Israel,ISR,2015,5
Israel,ISR,2016,5
Israel,ISR,2017,5
Israel,ISR,2018,5
Israel,ISR,2019,5
Israel,ISR,2020,5
Italy,ITA,2000,54
Italy,ITA,2001,52
Italy,ITA,2002,50
Italy,ITA,2003,48
Italy,ITA,2004,44
Italy,ITA,2005,43
Italy,ITA,2006,41
Italy,ITA,2007,40
Italy,ITA,2008,39
Italy,ITA,2009,40
Italy,ITA,2010,38
Italy,ITA,2011,37
Italy,ITA,2012,36
Italy,ITA,2013,35
Italy,ITA,2014,32
Italy,ITA,2015,31
Italy,ITA,2016,29
Italy,ITA,2017,29
Italy,ITA,2018,21
Italy,ITA,2019,20
Italy,ITA,2020,19
Jamaica,JAM,2000,42
Jamaica,JAM,2001,43
Jamaica,JAM,2002,42
Jamaica,JAM,2003,42
Jamaica,JAM,2004,41
Jamaica,JAM,2005,41
Jamaica,JAM,2006,46
Jamaica,JAM,2007,41
Jamaica,JAM,2008,43
Jamaica,JAM,2009,43
Jamaica,JAM,2010,37
Jamaica,JAM,2011,34
Jamaica,JAM,2012,35
Jamaica,JAM,2013,36
Jamaica,JAM,2014,39
Jamaica,JAM,2015,39
Jamaica,JAM,2016,37
Jamaica,JAM,2017,37
Jamaica,JAM,2018,31
Jamaica,JAM,2019,32
Jamaica,JAM,2020,33
Japan,JPN,2000,100
Japan,JPN,2001,97
Japan,JPN,2002,91
Japan,JPN,2003,87
Japan,JPN,2004,83
Japan,JPN,2005,79
Japan,JPN,2006,74
Japan,JPN,2007,69
Japan,JPN,2008,68
Japan,JPN,2009,65
Japan,JPN,2010,62
Japan,JPN,2011,59
Japan,JPN,2012,56
Japan,JPN,2013,54
Japan,JPN,2014,52
Japan,JPN,2015,49
Japan,JPN,2016,48
Japan,JPN,2017,46
Japan,JPN,2018,46
Japan,JPN,2019,36
Japan,JPN,2020,36
Jordan,JOR,2000,97
Jordan,JOR,2001,96
Jordan,JOR,2002,95
Jordan,JOR,2003,95
Jordan,JOR,2004,93
Jordan,JOR,2005,94
Jordan,JOR,2006,93
Jordan,JOR,2007,100
Jordan,JOR,2008,99
Jordan,JOR,2009,100
Jordan,JOR,2010,92
Jordan,JOR,2011,93
Jordan,JOR,2012,94
Jordan,JOR,2013,86
Jordan,JOR,2014,95
Jordan,JOR,2015,100
Jordan,JOR,2016,100
Jordan,JOR,2017,100
Jordan,JOR,2018,100
Jordan,JOR,2019,100
Jordan,JOR,2020,100
Kazakhstan,KAZ,2000,140
Kazakhstan,KAZ,2001,120
Kazakhstan,KAZ,2002,120
Kazakhstan,KAZ,2003,110
Kazakhstan,KAZ,2004,100
Kazakhstan,KAZ,2005,100
Kazakhstan,KAZ,2006,96
Kazakhstan,KAZ,2007,94
Kazakhstan,KAZ,2008,93
Kazakhstan,KAZ,2009,84
Kazakhstan,KAZ,2010,72
Kazakhstan,KAZ,2011,63
Kazakhstan,KAZ,2012,55
Kazakhstan,KAZ,2013,50
Kazakhstan,KAZ,2014,52
Kazakhstan,KAZ,2015,50
Kazakhstan,KAZ,2016,54
Kazakhstan,KAZ,2017,52
Kazakhstan,KAZ,2018,55
Kazakhstan,KAZ,2019,57
Kazakhstan,KAZ,2020,57
Kenya,KEN,2000,6900
Kenya,KEN,2001,7200
Kenya,KEN,2002,7000
Kenya,KEN,2003,6900
Kenya,KEN,2004,6800
Kenya,KEN,2005,6900
Kenya,KEN,2006,7000
Kenya,KEN,2007,7200
Kenya,KEN,2008,7100
Kenya,KEN,2009,6900
Kenya,KEN,2010,7000
Kenya,KEN,2011,6900
Kenya,KEN,2012,6900
Kenya,KEN,2013,7400
Kenya,KEN,2014,7300
Kenya,KEN,2015,7000
Kenya,KEN,2016,7400
Kenya,KEN,2017,7100
Kenya,KEN,2018,7500
Kenya,KEN,2019,7300
Kenya,KEN,2020,7700
Kiribati,KIR,2000,3
Kiribati,KIR,2001,4
Kiribati,KIR,2002,3
Kiribati,KIR,2003,3
Kiribati,KIR,2004,3
Kiribati,KIR,2005,4
Kiribati,KIR,2006,3
Kiribati,KIR,2007,4
Kiribati,KIR,2008,4
Kiribati,KIR,2009,4
Kiribati,KIR,2010,4
Kiribati,KIR,2011,4
Kiribati,KIR,2012,4
Kiribati,KIR,2013,4
Kiribati,KIR,2014,4
Kiribati,KIR,2015,4
Kiribati,KIR,2016,4
Kiribati,KIR,2017,3
Kiribati,KIR,2018,3
Kiribati,KIR,2019,3
Kiribati,KIR,2020,3
Kuwait,KWT,2000,4
Kuwait,KWT,2001,4
Kuwait,KWT,2002,4
Kuwait,KWT,2003,4
Kuwait,KWT,2004,5
Kuwait,KWT,2005,5
Kuwait,KWT,2006,5
Kuwait,KWT,2007,5
Kuwait,KWT,2008,6
Kuwait,KWT,2009,6
Kuwait,KWT,2010,6
Kuwait,KWT,2011,5
Kuwait,KWT,2012,5
Kuwait,KWT,2013,4
Kuwait,KWT,2014,5
Kuwait,KWT,2015,4
Kuwait,KWT,2016,4
Kuwait,KWT,2017,4
Kuwait,KWT,2018,4
Kuwait,KWT,2019,4
Kuwait,KWT,2020,4
Kyrgyzstan,KGZ,2000,93
Kyrgyzstan,KGZ,2001,93
Kyrgyzstan,KGZ,2002,92
Kyrgyzstan,KGZ,2003,93
Kyrgyzstan,KGZ,2004,98
Kyrgyzstan,KGZ,2005,99
Kyrgyzstan,KGZ,2006,97
Kyrgyzstan,KGZ,2007,110
Kyrgyzstan,KGZ,2008,110
Kyrgyzstan,KGZ,2009,100
Kyrgyzstan,KGZ,2010,110
Kyrgyzstan,KGZ,2011,100
Kyrgyzstan,KGZ,2012,100
Kyrgyzstan,KGZ,2013,110
Kyrgyzstan,KGZ,2014,100
Kyrgyzstan,KGZ,2015,100
Kyrgyzstan,KGZ,2016,88
Kyrgyzstan,KGZ,2017,87
Kyrgyzstan,KGZ,2018,91
Kyrgyzstan,KGZ,2019,79
Kyrgyzstan,KGZ,2020,81
Laos,LAO,2000,1000
Laos,LAO,2001,1000
Laos,LAO,2002,920
Laos,LAO,2003,880
Laos,LAO,2004,810
Laos,LAO,2005,760
Laos,LAO,2006,720
Laos,LAO,2007,640
Laos,LAO,2008,630
Laos,LAO,2009,570
Laos,LAO,2010,480
Laos,LAO,2011,460
Laos,LAO,2012,410
Laos,LAO,2013,390
Laos,LAO,2014,310
Laos,LAO,2015,310
Laos,LAO,2016,280
Laos,LAO,2017,270
Laos,LAO,2018,270
Laos,LAO,2019,250
Laos,LAO,2020,210
Latin America and Caribbean (WB),,2000,10000
Latin America and Caribbean (WB),,2001,10000
Latin America and Caribbean (WB),,2002,10000
Latin America and Caribbean (WB),,2003,9600
Latin America and Caribbean (WB),,2004,9700
Latin America and Caribbean (WB),,2005,9300
Latin America and Caribbean (WB),,2006,9100
Latin America and Caribbean (WB),,2007,9200
Latin America and Caribbean (WB),,2008,9000
Latin America and Caribbean (WB),,2009,8700
Latin America and Caribbean (WB),,2010,8500
Latin America and Caribbean (WB),,2011,8400
Latin America and Caribbean (WB),,2012,7900
Latin America and Caribbean (WB),,2013,8000
Latin America and Caribbean (WB),,2014,7900
Latin America and Caribbean (WB),,2015,7900
Latin America and Caribbean (WB),,2016,7900
Latin America and Caribbean (WB),,2017,7800
Latin America and Caribbean (WB),,2018,7800
Latin America and Caribbean (WB),,2019,7700
Latin America and Caribbean (WB),,2020,8400
Latvia,LVA,2000,7
Latvia,LVA,2001,6
Latvia,LVA,2002,6
Latvia,LVA,2003,7
Latvia,LVA,2004,7
Latvia,LVA,2005,6
Latvia,LVA,2006,6
Latvia,LVA,2007,6
Latvia,LVA,2008,5
Latvia,LVA,2009,5
Latvia,LVA,2010,5
Latvia,LVA,2011,5
Latvia,LVA,2012,5
Latvia,LVA,2013,4
Latvia,LVA,2014,5
Latvia,LVA,2015,5
Latvia,LVA,2016,5
Latvia,LVA,2017,5
Latvia,LVA,2018,4
Latvia,LVA,2019,4
Latvia,LVA,2020,3
Lebanon,LBN,2000,28
Lebanon,LBN,2001,24
Lebanon,LBN,2002,22
Lebanon,LBN,2003,22
Lebanon,LBN,2004,21
Lebanon,LBN,2005,21
Lebanon,LBN,2006,17
Lebanon,LBN,2007,17
Lebanon,LBN,2008,16
Lebanon,LBN,2009,16
Lebanon,LBN,2010,16
Lebanon,LBN,2011,18
Lebanon,LBN,2012,18
Lebanon,LBN,2013,19
Lebanon,LBN,2014,21
Lebanon,LBN,2015,23
Lebanon,LBN,2016,21
Lebanon,LBN,2017,20
Lebanon,LBN,2018,18
Lebanon,LBN,2019,18
Lebanon,LBN,2020,18
Lesotho,LSO,2000,320
Lesotho,LSO,2001,340
Lesotho,LSO,2002,350
Lesotho,LSO,2003,360
Lesotho,LSO,2004,320
Lesotho,LSO,2005,320
Lesotho,LSO,2006,370
Lesotho,LSO,2007,410
Lesotho,LSO,2008,520
Lesotho,LSO,2009,640
Lesotho,LSO,2010,600
Lesotho,LSO,2011,610
Lesotho,LSO,2012,580
Lesotho,LSO,2013,510
Lesotho,LSO,2014,470
Lesotho,LSO,2015,440
Lesotho,LSO,2016,400
Lesotho,LSO,2017,380
Lesotho,LSO,2018,360
Lesotho,LSO,2019,380
Lesotho,LSO,2020,330
Liberia,LBR,2000,980
Liberia,LBR,2001,960
Liberia,LBR,2002,990
Liberia,LBR,2003,1100
Liberia,LBR,2004,900
Liberia,LBR,2005,900
Liberia,LBR,2006,940
Liberia,LBR,2007,970
Liberia,LBR,2008,950
Liberia,LBR,2009,970
Liberia,LBR,2010,970
Liberia,LBR,2011,1000
Liberia,LBR,2012,1000
Liberia,LBR,2013,1000
Liberia,LBR,2014,1200
Liberia,LBR,2015,1100
Liberia,LBR,2016,1000
Liberia,LBR,2017,1100
Liberia,LBR,2018,1100
Liberia,LBR,2019,1100
Liberia,LBR,2020,1100
Libya,LBY,2000,62
Libya,LBY,2001,68
Libya,LBY,2002,69
Libya,LBY,2003,66
Libya,LBY,2004,65
Libya,LBY,2005,69
Libya,LBY,2006,73
Libya,LBY,2007,78
Libya,LBY,2008,75
Libya,LBY,2009,82
Libya,LBY,2010,88
Libya,LBY,2011,99
Libya,LBY,2012,85
Libya,LBY,2013,91
Libya,LBY,2014,90
Libya,LBY,2015,93
Libya,LBY,2016,95
Libya,LBY,2017,85
Libya,LBY,2018,86
Libya,LBY,2019,89
Libya,LBY,2020,88
Lithuania,LTU,2000,6
Lithuania,LTU,2001,6
Lithuania,LTU,2002,4
Lithuania,LTU,2003,4
Lithuania,LTU,2004,4
Lithuania,LTU,2005,4
Lithuania,LTU,2006,4
Lithuania,LTU,2007,4
Lithuania,LTU,2008,4
Lithuania,LTU,2009,3
Lithuania,LTU,2010,3
Lithuania,LTU,2011,3
Lithuania,LTU,2012,3
Lithuania,LTU,2013,2
Lithuania,LTU,2014,3
Lithuania,LTU,2015,3
Lithuania,LTU,2016,3
Lithuania,LTU,2017,2
Lithuania,LTU,2018,2
Lithuania,LTU,2019,2
Lithuania,LTU,2020,2
Low-income countries,,2000,125000
Low-income countries,,2001,124000
Low-income countries,,2002,125000
Low-income countries,,2003,122000
Low-income countries,,2004,121000
Low-income countries,,2005,120000
Low-income countries,,2006,117000
Low-income countries,,2007,116000
Low-income countries,,2008,114000
Low-income countries,,2009,112000
Low-income countries,,2010,111000
Low-income countries,,2011,110000
Low-income countries,,2012,107000
Low-income countries,,2013,105000
Low-income countries,,2014,103000
Low-income countries,,2015,102000
Low-income countries,,2016,99000
Low-income countries,,2017,98000
Low-income countries,,2018,96000
Low-income countries,,2019,95000
Low-income countries,,2020,96000
Lower-middle-income countries,,2000,282000
Lower-middle-income countries,,2001,278000
Lower-middle-income countries,,2002,263000
Lower-middle-income countries,,2003,255000
Lower-middle-income countries,,2004,248000
Lower-middle-income countries,,2005,240000
Lower-middle-income countries,,2006,227000
Lower-middle-income countries,,2007,224000
Lower-middle-income countries,,2008,223000
Lower-middle-income countries,,2009,219000
Lower-middle-income countries,,2010,210000
Lower-middle-income countries,,2011,203000
Lower-middle-income countries,,2012,198000
Lower-middle-income countries,,2013,196000
Lower-middle-income countries,,2014,191000
Lower-middle-income countries,,2015,185000
Lower-middle-income countries,,2016,184000
Lower-middle-income countries,,2017,182000
Lower-middle-income countries,,2018,182000
Lower-middle-income countries,,2019,180000
Lower-middle-income countries,,2020,169000
Luxembourg,LUX,2000,1
Luxembourg,LUX,2001,1
Luxembourg,LUX,2002,1
Luxembourg,LUX,2003,1
Luxembourg,LUX,2004,1
Luxembourg,LUX,2005,1
Luxembourg,LUX,2006,1
Luxembourg,LUX,2007,0
Luxembourg,LUX,2008,1
Luxembourg,LUX,2009,1
Luxembourg,LUX,2010,0
Luxembourg,LUX,2011,0
Luxembourg,LUX,2012,1
Luxembourg,LUX,2013,0
Luxembourg,LUX,2014,0
Luxembourg,LUX,2015,0
Luxembourg,LUX,2016,0
Luxembourg,LUX,2017,0
Luxembourg,LUX,2018,0
Luxembourg,LUX,2019,0
Luxembourg,LUX,2020,0
Madagascar,MDG,2000,4300
Madagascar,MDG,2001,4200
Madagascar,MDG,2002,4300
Madagascar,MDG,2003,4300
Madagascar,MDG,2004,4200
Madagascar,MDG,2005,4100
Madagascar,MDG,2006,3900
Madagascar,MDG,2007,3900
Madagascar,MDG,2008,4000
Madagascar,MDG,2009,3900
Madagascar,MDG,2010,3900
Madagascar,MDG,2011,3800
Madagascar,MDG,2012,3700
Madagascar,MDG,2013,3600
Madagascar,MDG,2014,3700
Madagascar,MDG,2015,3900
Madagascar,MDG,2016,3700
Madagascar,MDG,2017,3600
Madagascar,MDG,2018,3600
Madagascar,MDG,2019,3500
Madagascar,MDG,2020,3500
Malawi,MWI,2000,2900
Malawi,MWI,2001,2800
Malawi,MWI,2002,2600
Malawi,MWI,2003,2400
Malawi,MWI,2004,2200
Malawi,MWI,2005,2000
Malawi,MWI,2006,1900
Malawi,MWI,2007,2100
Malawi,MWI,2008,2500
Malawi,MWI,2009,2800
Malawi,MWI,2010,3100
Malawi,MWI,2011,3000
Malawi,MWI,2012,3000
Malawi,MWI,2013,2900
Malawi,MWI,2014,2700
Malawi,MWI,2015,2700
Malawi,MWI,2016,2600
Malawi,MWI,2017,2300
Malawi,MWI,2018,2400
Malawi,MWI,2019,2300
Malawi,MWI,2020,2500
Malaysia,MYS,2000,210
Malaysia,MYS,2001,180
Malaysia,MYS,2002,180
Malaysia,MYS,2003,150
Malaysia,MYS,2004,150
Malaysia,MYS,2005,150
Malaysia,MYS,2006,150
Malaysia,MYS,2007,130
Malaysia,MYS,2008,150
Malaysia,MYS,2009,140
Malaysia,MYS,2010,120
Malaysia,MYS,2011,120
Malaysia,MYS,2012,120
Malaysia,MYS,2013,120
Malaysia,MYS,2014,120
Malaysia,MYS,2015,120
Malaysia,MYS,2016,120
Malaysia,MYS,2017,110
Malaysia,MYS,2018,110
Malaysia,MYS,2019,110
Malaysia,MYS,2020,110
Maldives,MDV,2000,7
Maldives,MDV,2001,6
Maldives,MDV,2002,5
Maldives,MDV,2003,5
Maldives,MDV,2004,5
Maldives,MDV,2005,5
Maldives,MDV,2006,5
Maldives,MDV,2007,5
Maldives,MDV,2008,5
Maldives,MDV,2009,5
Maldives,MDV,2010,5
Maldives,MDV,2011,5
Maldives,MDV,2012,4
Maldives,MDV,2013,4
Maldives,MDV,2014,4
Maldives,MDV,2015,4
Maldives,MDV,2016,4
Maldives,MDV,2017,4
Maldives,MDV,2018,4
Maldives,MDV,2019,4
Maldives,MDV,2020,4
Mali,MLI,2000,3900
Mali,MLI,2001,3800
Mali,MLI,2002,3500
Mali,MLI,2003,3400
Mali,MLI,2004,3400
Mali,MLI,2005,3500
Mali,MLI,2006,3600
Mali,MLI,2007,3800
Mali,MLI,2008,4000
Mali,MLI,2009,3900
Mali,MLI,2010,4000
Mali,MLI,2011,4100
Mali,MLI,2012,4200
Mali,MLI,2013,4200
Mali,MLI,2014,4100
Mali,MLI,2015,4000
Mali,MLI,2016,3900
Mali,MLI,2017,3800
Mali,MLI,2018,3800
Mali,MLI,2019,3700
Mali,MLI,2020,3900
Malta,MLT,2000,0
Malta,MLT,2001,0
Malta,MLT,2002,0
Malta,MLT,2003,0
Malta,MLT,2004,0
Malta,MLT,2005,0
Malta,MLT,2006,0
Malta,MLT,2007,0
Malta,MLT,2008,0
Malta,MLT,2009,0
Malta,MLT,2010,0
Malta,MLT,2011,0
Malta,MLT,2012,0
Malta,MLT,2013,0
Malta,MLT,2014,0
Malta,MLT,2015,0
Malta,MLT,2016,0
Malta,MLT,2017,0
Malta,MLT,2018,0
Malta,MLT,2019,0
Malta,MLT,2020,0
Mauritania,MRT,2000,700
Mauritania,MRT,2001,680
Mauritania,MRT,2002,700
Mauritania,MRT,2003,720
Mauritania,MRT,2004,720
Mauritania,MRT,2005,730
Mauritania,MRT,2006,750
Mauritania,MRT,2007,750
Mauritania,MRT,2008,770
Mauritania,MRT,2009,730
Mauritania,MRT,2010,740
Mauritania,MRT,2011,730
Mauritania,MRT,2012,740
Mauritania,MRT,2013,710
Mauritania,MRT,2014,730
Mauritania,MRT,2015,710
Mauritania,MRT,2016,680
Mauritania,MRT,2017,650
Mauritania,MRT,2018,670
Mauritania,MRT,2019,640
Mauritania,MRT,2020,700
Mauritius,MUS,2000,10
Mauritius,MUS,2001,10
Mauritius,MUS,2002,10
Mauritius,MUS,2003,9
Mauritius,MUS,2004,9
Mauritius,MUS,2005,9
Mauritius,MUS,2006,8
Mauritius,MUS,2007,8
Mauritius,MUS,2008,8
Mauritius,MUS,2009,8
Mauritius,MUS,2010,8
Mauritius,MUS,2011,6
Mauritius,MUS,2012,7
Mauritius,MUS,2013,7
Mauritius,MUS,2014,7
Mauritius,MUS,2015,7
Mauritius,MUS,2016,7
Mauritius,MUS,2017,6
Mauritius,MUS,2018,7
Mauritius,MUS,2019,6
Mauritius,MUS,2020,11
Mexico,MEX,2000,1300
Mexico,MEX,2001,1300
Mexico,MEX,2002,1300
Mexico,MEX,2003,1200
Mexico,MEX,2004,1200
Mexico,MEX,2005,1200
Mexico,MEX,2006,1200
Mexico,MEX,2007,1300
Mexico,MEX,2008,1300
Mexico,MEX,2009,1200
Mexico,MEX,2010,1200
Mexico,MEX,2011,1100
Mexico,MEX,2012,1100
Mexico,MEX,2013,1100
Mexico,MEX,2014,1100
Mexico,MEX,2015,1100
Mexico,MEX,2016,1000
Mexico,MEX,2017,1100
Mexico,MEX,2018,1100
Mexico,MEX,2019,1100
Mexico,MEX,2020,1200
Micronesia (country),FSM,2000,2
Micronesia (country),FSM,2001,2
Micronesia (country),FSM,2002,3
Micronesia (country),FSM,2003,2
Micronesia (country),FSM,2004,2
Micronesia (country),FSM,2005,2
Micronesia (country),FSM,2006,2
Micronesia (country),FSM,2007,2
Micronesia (country),FSM,2008,2
Micronesia (country),FSM,2009,1
Micronesia (country),FSM,2010,1
Micronesia (country),FSM,2011,1
Micronesia (country),FSM,2012,1
Micronesia (country),FSM,2013,1
Micronesia (country),FSM,2014,1
Micronesia (country),FSM,2015,1
Micronesia (country),FSM,2016,1
Micronesia (country),FSM,2017,1
Micronesia (country),FSM,2018,1
Micronesia (country),FSM,2019,1
Micronesia (country),FSM,2020,1
Middle East and North Africa (WB),,2000,8400
Middle East and North Africa (WB),,2001,8200
Middle East and North Africa (WB),,2002,7800
Middle East and North Africa (WB),,2003,7700
Middle East and North Africa (WB),,2004,7400
Middle East and North Africa (WB),,2005,7200
Middle East and North Africa (WB),,2006,7000
Middle East and North Africa (WB),,2007,6800
Middle East and North Africa (WB),,2008,6800
Middle East and North Africa (WB),,2009,6600
Middle East and North Africa (WB),,2010,6500
Middle East and North Africa (WB),,2011,6400
Middle East and North Africa (WB),,2012,6300
Middle East and North Africa (WB),,2013,6200
Middle East and North Africa (WB),,2014,5900
Middle East and North Africa (WB),,2015,6000
Middle East and North Africa (WB),,2016,5600
Middle East and North Africa (WB),,2017,5500
Middle East and North Africa (WB),,2018,5300
Middle East and North Africa (WB),,2019,5300
Middle East and North Africa (WB),,2020,5300
Middle-income countries,,2000,319000
Middle-income countries,,2001,313000
Middle-income countries,,2002,297000
Middle-income countries,,2003,287000
Middle-income countries,,2004,282000
Middle-income countries,,2005,273000
Middle-income countries,,2006,258000
Middle-income countries,,2007,256000
Middle-income countries,,2008,255000
Middle-income countries,,2009,249000
Middle-income countries,,2010,239000
Middle-income countries,,2011,231000
Middle-income countries,,2012,224000
Middle-income countries,,2013,221000
Middle-income countries,,2014,215000
Middle-income countries,,2015,209000
Middle-income countries,,2016,207000
Middle-income countries,,2017,204000
Middle-income countries,,2018,202000
Middle-income countries,,2019,199000
Middle-income countries,,2020,189000
Moldova,MDA,2000,24
Moldova,MDA,2001,21
Moldova,MDA,2002,19
Moldova,MDA,2003,17
Moldova,MDA,2004,14
Moldova,MDA,2005,15
Moldova,MDA,2006,14
Moldova,MDA,2007,12
Moldova,MDA,2008,11
Moldova,MDA,2009,10
Moldova,MDA,2010,10
Moldova,MDA,2011,9
Moldova,MDA,2012,9
Moldova,MDA,2013,8
Moldova,MDA,2014,9
Moldova,MDA,2015,8
Moldova,MDA,2016,7
Moldova,MDA,2017,6
Moldova,MDA,2018,6
Moldova,MDA,2019,5
Moldova,MDA,2020,5
Mongolia,MNG,2000,79
Mongolia,MNG,2001,71
Mongolia,MNG,2002,65
Mongolia,MNG,2003,51
Mongolia,MNG,2004,47
Mongolia,MNG,2005,45
Mongolia,MNG,2006,48
Mongolia,MNG,2007,45
Mongolia,MNG,2008,47
Mongolia,MNG,2009,44
Mongolia,MNG,2010,41
Mongolia,MNG,2011,41
Mongolia,MNG,2012,41
Mongolia,MNG,2013,39
Mongolia,MNG,2014,38
Mongolia,MNG,2015,37
Mongolia,MNG,2016,36
Mongolia,MNG,2017,36
Mongolia,MNG,2018,32
Mongolia,MNG,2019,30
Mongolia,MNG,2020,29
Montenegro,MNE,2000,1
Montenegro,MNE,2001,1
Montenegro,MNE,2002,1
Montenegro,MNE,2003,1
Montenegro,MNE,2004,1
Montenegro,MNE,2005,1
Montenegro,MNE,2006,1
Montenegro,MNE,2007,1
Montenegro,MNE,2008,1
Montenegro,MNE,2009,1
Montenegro,MNE,2010,1
Montenegro,MNE,2011,1
Montenegro,MNE,2012,1
Montenegro,MNE,2013,1
Montenegro,MNE,2014,0
Montenegro,MNE,2015,0
Montenegro,MNE,2016,0
Montenegro,MNE,2017,0
Montenegro,MNE,2018,0
Montenegro,MNE,2019,0
Montenegro,MNE,2020,0
Morocco,MAR,2000,1600
Morocco,MAR,2001,1500
Morocco,MAR,2002,1500
Morocco,MAR,2003,1400
Morocco,MAR,2004,1400
Morocco,MAR,2005,1300
Morocco,MAR,2006,1200
Morocco,MAR,2007,1100
Morocco,MAR,2008,1000
Morocco,MAR,2009,990
Morocco,MAR,2010,930
Morocco,MAR,2011,860
Morocco,MAR,2012,800
Morocco,MAR,2013,760
Morocco,MAR,2014,720
Morocco,MAR,2015,680
Morocco,MAR,2016,580
Morocco,MAR,2017,550
Morocco,MAR,2018,530
Morocco,MAR,2019,510
Morocco,MAR,2020,470
Mozambique,MOZ,2000,4100
Mozambique,MOZ,2001,4000
Mozambique,MOZ,2002,3700
Mozambique,MOZ,2003,3600
Mozambique,MOZ,2004,3500
Mozambique,MOZ,2005,3400
Mozambique,MOZ,2006,3400
Mozambique,MOZ,2007,3300
Mozambique,MOZ,2008,3400
Mozambique,MOZ,2009,3300
Mozambique,MOZ,2010,3100
Mozambique,MOZ,2011,2900
Mozambique,MOZ,2012,2700
Mozambique,MOZ,2013,2500
Mozambique,MOZ,2014,2500
Mozambique,MOZ,2015,2400
Mozambique,MOZ,2016,2100
Mozambique,MOZ,2017,1900
Mozambique,MOZ,2018,1800
Mozambique,MOZ,2019,1700
Mozambique,MOZ,2020,1500
Myanmar,MMR,2000,3900
Myanmar,MMR,2001,3400
Myanmar,MMR,2002,3400
Myanmar,MMR,2003,3300
Myanmar,MMR,2004,3400
Myanmar,MMR,2005,3300
Myanmar,MMR,2006,3300
Myanmar,MMR,2007,3200
Myanmar,MMR,2008,2800
Myanmar,MMR,2009,2700
Myanmar,MMR,2010,2800
Myanmar,MMR,2011,2700
Myanmar,MMR,2012,2700
Myanmar,MMR,2013,2500
Myanmar,MMR,2014,2500
Myanmar,MMR,2015,2300
Myanmar,MMR,2016,2300
Myanmar,MMR,2017,2300
Myanmar,MMR,2018,2000
Myanmar,MMR,2019,2000
Myanmar,MMR,2020,1700
Namibia,NAM,2000,260
Namibia,NAM,2001,250
Namibia,NAM,2002,250
Namibia,NAM,2003,250
Namibia,NAM,2004,230
Namibia,NAM,2005,240
Namibia,NAM,2006,240
Namibia,NAM,2007,250
Namibia,NAM,2008,260
Namibia,NAM,2009,280
Namibia,NAM,2010,310
Namibia,NAM,2011,270
Namibia,NAM,2012,240
Namibia,NAM,2013,230
Namibia,NAM,2014,210
Namibia,NAM,2015,210
Namibia,NAM,2016,170
Namibia,NAM,2017,160
Namibia,NAM,2018,150
Namibia,NAM,2019,160
Namibia,NAM,2020,150
Nepal,NPL,2000,3800
Nepal,NPL,2001,3600
Nepal,NPL,2002,3400
Nepal,NPL,2003,3100
Nepal,NPL,2004,2800
Nepal,NPL,2005,2600
Nepal,NPL,2006,2400
Nepal,NPL,2007,2300
Nepal,NPL,2008,2200
Nepal,NPL,2009,2100
Nepal,NPL,2010,2200
Nepal,NPL,2011,1800
Nepal,NPL,2012,1800
Nepal,NPL,2013,1600
Nepal,NPL,2014,1600
Nepal,NPL,2015,1500
Nepal,NPL,2016,1400
Nepal,NPL,2017,1300
Nepal,NPL,2018,1200
Nepal,NPL,2019,1100
Nepal,NPL,2020,1100
Netherlands,NLD,2000,27
Netherlands,NLD,2001,25
Netherlands,NLD,2002,25
Netherlands,NLD,2003,23
Netherlands,NLD,2004,21
Netherlands,NLD,2005,19
Netherlands,NLD,2006,17
Netherlands,NLD,2007,15
Netherlands,NLD,2008,14
Netherlands,NLD,2009,13
Netherlands,NLD,2010,12
Netherlands,NLD,2011,12
Netherlands,NLD,2012,11
Netherlands,NLD,2013,10
Netherlands,NLD,2014,9
Netherlands,NLD,2015,9
Netherlands,NLD,2016,9
Netherlands,NLD,2017,9
Netherlands,NLD,2018,7
Netherlands,NLD,2019,7
Netherlands,NLD,2020,7
New Zealand,NZL,2000,6
New Zealand,NZL,2001,6
New Zealand,NZL,2002,6
New Zealand,NZL,2003,6
New Zealand,NZL,2004,7
New Zealand,NZL,2005,6
New Zealand,NZL,2006,6
New Zealand,NZL,2007,6
New Zealand,NZL,2008,6
New Zealand,NZL,2009,6
New Zealand,NZL,2010,6
New Zealand,NZL,2011,6
New Zealand,NZL,2012,6
New Zealand,NZL,2013,5
New Zealand,NZL,2014,5
New Zealand,NZL,2015,5
New Zealand,NZL,2016,5
New Zealand,NZL,2017,5
New Zealand,NZL,2018,4
New Zealand,NZL,2019,5
New Zealand,NZL,2020,4
Nicaragua,NIC,2000,240
Nicaragua,NIC,2001,240
Nicaragua,NIC,2002,230
Nicaragua,NIC,2003,230
Nicaragua,NIC,2004,230
Nicaragua,NIC,2005,220
Nicaragua,NIC,2006,190
Nicaragua,NIC,2007,170
Nicaragua,NIC,2008,160
Nicaragua,NIC,2009,150
Nicaragua,NIC,2010,140
Nicaragua,NIC,2011,130
Nicaragua,NIC,2012,130
Nicaragua,NIC,2013,130
Nicaragua,NIC,2014,120
Nicaragua,NIC,2015,110
Nicaragua,NIC,2016,110
Nicaragua,NIC,2017,110
Nicaragua,NIC,2018,110
Nicaragua,NIC,2019,110
Nicaragua,NIC,2020,110
Niger,NER,2000,5300
Niger,NER,2001,5500
Niger,NER,2002,5600
Niger,NER,2003,5700
Niger,NER,2004,5500
Niger,NER,2005,5400
Niger,NER,2006,5300
Niger,NER,2007,5200
Niger,NER,2008,5100
Niger,NER,2009,5100
Niger,NER,2010,4800
Niger,NER,2011,4800
Niger,NER,2012,4800
Niger,NER,2013,4700
Niger,NER,2014,4600
Niger,NER,2015,4600
Niger,NER,2016,4600
Niger,NER,2017,4400
Niger,NER,2018,4500
Niger,NER,2019,4400
Niger,NER,2020,4900
Nigeria,NGA,2000,61000
Nigeria,NGA,2001,62000
Nigeria,NGA,2002,63000
Nigeria,NGA,2003,63000
Nigeria,NGA,2004,64000
Nigeria,NGA,2005,65000
Nigeria,NGA,2006,66000
Nigeria,NGA,2007,68000
Nigeria,NGA,2008,72000
Nigeria,NGA,2009,73000
Nigeria,NGA,2010,76000
Nigeria,NGA,2011,74000
Nigeria,NGA,2012,76000
Nigeria,NGA,2013,79000
Nigeria,NGA,2014,82000
Nigeria,NGA,2015,81000
Nigeria,NGA,2016,83000
Nigeria,NGA,2017,84000
Nigeria,NGA,2018,86000
Nigeria,NGA,2019,86000
Nigeria,NGA,2020,82000
North America (WB),,2000,510
North America (WB),,2001,540
North America (WB),,2002,550
North America (WB),,2003,580
North America (WB),,2004,580
North America (WB),,2005,590
North America (WB),,2006,600
North America (WB),,2007,610
North America (WB),,2008,640
North America (WB),,2009,690
North America (WB),,2010,610
North America (WB),,2011,650
North America (WB),,2012,670
North America (WB),,2013,690
North America (WB),,2014,720
North America (WB),,2015,740
North America (WB),,2016,780
North America (WB),,2017,790
North America (WB),,2018,780
North America (WB),,2019,790
North America (WB),,2020,810
North Korea,PRK,2000,760
North Korea,PRK,2001,690
North Korea,PRK,2002,720
North Korea,PRK,2003,450
North Korea,PRK,2004,470
North Korea,PRK,2005,430
North Korea,PRK,2006,450
North Korea,PRK,2007,470
North Korea,PRK,2008,480
North Korea,PRK,2009,440
North Korea,PRK,2010,410
North Korea,PRK,2011,380
North Korea,PRK,2012,350
North Korea,PRK,2013,320
North Korea,PRK,2014,290
North Korea,PRK,2015,370
North Korea,PRK,2016,370
North Korea,PRK,2017,370
North Korea,PRK,2018,370
North Korea,PRK,2019,370
North Korea,PRK,2020,370
North Macedonia,MKD,2000,3
North Macedonia,MKD,2001,3
North Macedonia,MKD,2002,3
North Macedonia,MKD,2003,3
North Macedonia,MKD,2004,2
North Macedonia,MKD,2005,2
North Macedonia,MKD,2006,2
North Macedonia,MKD,2007,2
North Macedonia,MKD,2008,2
North Macedonia,MKD,2009,2
North Macedonia,MKD,2010,2
North Macedonia,MKD,2011,1
North Macedonia,MKD,2012,1
North Macedonia,MKD,2013,1
North Macedonia,MKD,2014,1
North Macedonia,MKD,2015,1
North Macedonia,MKD,2016,1
North Macedonia,MKD,2017,1
North Macedonia,MKD,2018,1
North Macedonia,MKD,2019,1
North Macedonia,MKD,2020,1
Norway,NOR,2000,3
Norway,NOR,2001,3
Norway,NOR,2002,3
Norway,NOR,2003,3
Norway,NOR,2004,3
Norway,NOR,2005,3
Norway,NOR,2006,3
Norway,NOR,2007,3
Norway,NOR,2008,3
Norway,NOR,2009,3
Norway,NOR,2010,2
Norway,NOR,2011,2
Norway,NOR,2012,2
Norway,NOR,2013,2
Norway,NOR,2014,2
Norway,NOR,2015,1
Norway,NOR,2016,1
Norway,NOR,2017,1
Norway,NOR,2018,1
Norway,NOR,2019,1
Norway,NOR,2020,1
Oman,OMN,2000,11
Oman,OMN,2001,11
Oman,OMN,2002,12
Oman,OMN,2003,11
Oman,OMN,2004,11
Oman,OMN,2005,11
Oman,OMN,2006,11
Oman,OMN,2007,12
Oman,OMN,2008,12
Oman,OMN,2009,12
Oman,OMN,2010,12
Oman,OMN,2011,12
Oman,OMN,2012,13
Oman,OMN,2013,13
Oman,OMN,2014,13
Oman,OMN,2015,13
Oman,OMN,2016,13
Oman,OMN,2017,14
Oman,OMN,2018,15
Oman,OMN,2019,14
Oman,OMN,2020,15
Pakistan,PAK,2000,21000
Pakistan,PAK,2001,21000
Pakistan,PAK,2002,20000
Pakistan,PAK,2003,20000
Pakistan,PAK,2004,19000
Pakistan,PAK,2005,17000
Pakistan,PAK,2006,16000
Pakistan,PAK,2007,15000
Pakistan,PAK,2008,15000
Pakistan,PAK,2009,15000
Pakistan,PAK,2010,14000
Pakistan,PAK,2011,14000
Pakistan,PAK,2012,14000
Pakistan,PAK,2013,13000
Pakistan,PAK,2014,13000
Pakistan,PAK,2015,12000
Pakistan,PAK,2016,12000
Pakistan,PAK,2017,11000
Pakistan,PAK,2018,11000
Pakistan,PAK,2019,11000
Pakistan,PAK,2020,9800
Palestine,PSE,2000,75
Palestine,PSE,2001,79
Palestine,PSE,2002,78
Palestine,PSE,2003,74
Palestine,PSE,2004,75
Palestine,PSE,2005,68
Palestine,PSE,2006,68
Palestine,PSE,2007,64
Palestine,PSE,2008,63
Palestine,PSE,2009,62
Palestine,PSE,2010,59
Palestine,PSE,2011,56
Palestine,PSE,2012,49
Palestine,PSE,2013,45
Palestine,PSE,2014,43
Palestine,PSE,2015,39
Palestine,PSE,2016,36
Palestine,PSE,2017,31
Palestine,PSE,2018,30
Palestine,PSE,2019,29
Palestine,PSE,2020,30
Panama,PAN,2000,47
Panama,PAN,2001,45
Panama,PAN,2002,45
Panama,PAN,2003,44
Panama,PAN,2004,44
Panama,PAN,2005,39
Panama,PAN,2006,40
Panama,PAN,2007,40
Panama,PAN,2008,41
Panama,PAN,2009,41
Panama,PAN,2010,42
Panama,PAN,2011,42
Panama,PAN,2012,42
Panama,PAN,2013,41
Panama,PAN,2014,40
Panama,PAN,2015,39
Panama,PAN,2016,38
Panama,PAN,2017,39
Panama,PAN,2018,37
Panama,PAN,2019,39
Panama,PAN,2020,38
Papua New Guinea,PNG,2000,580
Papua New Guinea,PNG,2001,610
Papua New Guinea,PNG,2002,640
Papua New Guinea,PNG,2003,670
Papua New Guinea,PNG,2004,640
Papua New Guinea,PNG,2005,660
Papua New Guinea,PNG,2006,690
Papua New Guinea,PNG,2007,730
Papua New Guinea,PNG,2008,650
Papua New Guinea,PNG,2009,650
Papua New Guinea,PNG,2010,660
Papua New Guinea,PNG,2011,610
Papua New Guinea,PNG,2012,610
Papua New Guinea,PNG,2013,560
Papua New Guinea,PNG,2014,550
Papua New Guinea,PNG,2015,510
Papua New Guinea,PNG,2016,510
Papua New Guinea,PNG,2017,520
Papua New Guinea,PNG,2018,500
Papua New Guinea,PNG,2019,480
Papua New Guinea,PNG,2020,490
Paraguay,PRY,2000,210
Paraguay,PRY,2001,200
Paraguay,PRY,2002,180
Paraguay,PRY,2003,170
Paraguay,PRY,2004,170
Paraguay,PRY,2005,170
Paraguay,PRY,2006,150
Paraguay,PRY,2007,150
Paraguay,PRY,2008,140
Paraguay,PRY,2009,140
Paraguay,PRY,2010,130
Paraguay,PRY,2011,130
Paraguay,PRY,2012,110
Paraguay,PRY,2013,110
Paraguay,PRY,2014,110
Paraguay,PRY,2015,110
Paraguay,PRY,2016,96
Paraguay,PRY,2017,96
Paraguay,PRY,2018,98
Paraguay,PRY,2019,97
Paraguay,PRY,2020,99
Peru,PER,2000,720
Peru,PER,2001,650
Peru,PER,2002,630
Peru,PER,2003,600
Peru,PER,2004,630
Peru,PER,2005,610
Peru,PER,2006,570
Peru,PER,2007,550
Peru,PER,2008,520
Peru,PER,2009,500
Peru,PER,2010,470
Peru,PER,2011,450
Peru,PER,2012,430
Peru,PER,2013,420
Peru,PER,2014,380
Peru,PER,2015,380
Peru,PER,2016,350
Peru,PER,2017,350
Peru,PER,2018,360
Peru,PER,2019,430
Peru,PER,2020,410
Philippines,PHL,2000,2900
Philippines,PHL,2001,3100
Philippines,PHL,2002,2900
Philippines,PHL,2003,2900
Philippines,PHL,2004,2900
Philippines,PHL,2005,2900
Philippines,PHL,2006,2900
Philippines,PHL,2007,2800
Philippines,PHL,2008,2600
Philippines,PHL,2009,2600
Philippines,PHL,2010,2500
Philippines,PHL,2011,2500
Philippines,PHL,2012,2500
Philippines,PHL,2013,2500
Philippines,PHL,2014,2200
Philippines,PHL,2015,2100
Philippines,PHL,2016,2100
Philippines,PHL,2017,2000
Philippines,PHL,2018,2000
Philippines,PHL,2019,2000
Philippines,PHL,2020,1900
Poland,POL,2000,30
Poland,POL,2001,26
Poland,POL,2002,23
Poland,POL,2003,21
Poland,POL,2004,19
Poland,POL,2005,18
Poland,POL,2006,16
Poland,POL,2007,15
Poland,POL,2008,14
Poland,POL,2009,12
Poland,POL,2010,11
Poland,POL,2011,10
Poland,POL,2012,9
Poland,POL,2013,9
Poland,POL,2014,8
Poland,POL,2015,8
Poland,POL,2016,8
Poland,POL,2017,8
Poland,POL,2018,7
Poland,POL,2019,7
Poland,POL,2020,7
Portugal,PRT,2000,13
Portugal,PRT,2001,11
Portugal,PRT,2002,10
Portugal,PRT,2003,10
Portugal,PRT,2004,10
Portugal,PRT,2005,10
Portugal,PRT,2006,9
Portugal,PRT,2007,9
Portugal,PRT,2008,10
Portugal,PRT,2009,10
Portugal,PRT,2010,10
Portugal,PRT,2011,9
Portugal,PRT,2012,9
Portugal,PRT,2013,7
Portugal,PRT,2014,7
Portugal,PRT,2015,9
Portugal,PRT,2016,9
Portugal,PRT,2017,10
Portugal,PRT,2018,10
Portugal,PRT,2019,10
Portugal,PRT,2020,10
Puerto Rico,PRI,2000,13
Puerto Rico,PRI,2001,13
Puerto Rico,PRI,2002,12
Puerto Rico,PRI,2003,11
Puerto Rico,PRI,2004,10
Puerto Rico,PRI,2005,10
Puerto Rico,PRI,2006,10
Puerto Rico,PRI,2007,10
Puerto Rico,PRI,2008,9
Puerto Rico,PRI,2009,9
Puerto Rico,PRI,2010,9
Puerto Rico,PRI,2011,9
Puerto Rico,PRI,2012,7
Puerto Rico,PRI,2013,7
Puerto Rico,PRI,2014,6
Puerto Rico,PRI,2015,6
Puerto Rico,PRI,2016,5
Puerto Rico,PRI,2017,4
Puerto Rico,PRI,2018,4
Puerto Rico,PRI,2019,5
Puerto Rico,PRI,2020,9
Qatar,QAT,2000,3
Qatar,QAT,2001,3
Qatar,QAT,2002,3
Qatar,QAT,2003,3
Qatar,QAT,2004,3
Qatar,QAT,2005,2
Qatar,QAT,2006,2
Qatar,QAT,2007,2
Qatar,QAT,2008,2
Qatar,QAT,2009,2
Qatar,QAT,2010,2
Qatar,QAT,2011,2
Qatar,QAT,2012,2
Qatar,QAT,2013,2
Qatar,QAT,2014,2
Qatar,QAT,2015,2
Qatar,QAT,2016,2
Qatar,QAT,2017,2
Qatar,QAT,2018,2
Qatar,QAT,2019,2
Qatar,QAT,2020,2
Romania,ROU,2000,110
Romania,ROU,2001,100
Romania,ROU,2002,100
Romania,ROU,2003,110
Romania,ROU,2004,100
Romania,ROU,2005,84
Romania,ROU,2006,70
Romania,ROU,2007,58
Romania,ROU,2008,57
Romania,ROU,2009,52
Romania,ROU,2010,50
Romania,ROU,2011,39
Romania,ROU,2012,37
Romania,ROU,2013,33
Romania,ROU,2014,31
Romania,ROU,2015,31
Romania,ROU,2016,34
Romania,ROU,2017,28
Romania,ROU,2018,24
Romania,ROU,2019,21
Romania,ROU,2020,20
Russia,RUS,2000,680
Russia,RUS,2001,600
Russia,RUS,2002,690
Russia,RUS,2003,620
Russia,RUS,2004,530
Russia,RUS,2005,470
Russia,RUS,2006,410
Russia,RUS,2007,360
Russia,RUS,2008,320
Russia,RUS,2009,340
Russia,RUS,2010,310
Russia,RUS,2011,270
Russia,RUS,2012,240
Russia,RUS,2013,210
Russia,RUS,2014,190
Russia,RUS,2015,200
Russia,RUS,2016,160
Russia,RUS,2017,150
Russia,RUS,2018,140
Russia,RUS,2019,110
Russia,RUS,2020,200
Rwanda,RWA,2000,3400
Rwanda,RWA,2001,3000
Rwanda,RWA,2002,2800
Rwanda,RWA,2003,2500
Rwanda,RWA,2004,2100
Rwanda,RWA,2005,1900
Rwanda,RWA,2006,1700
Rwanda,RWA,2007,1700
Rwanda,RWA,2008,1600
Rwanda,RWA,2009,1400
Rwanda,RWA,2010,1400
Rwanda,RWA,2011,1300
Rwanda,RWA,2012,1200
Rwanda,RWA,2013,1200
Rwanda,RWA,2014,1100
Rwanda,RWA,2015,1200
Rwanda,RWA,2016,1100
Rwanda,RWA,2017,1100
Rwanda,RWA,2018,1100
Rwanda,RWA,2019,1100
Rwanda,RWA,2020,1000
Saint Lucia,LCA,2000,3
Saint Lucia,LCA,2001,2
Saint Lucia,LCA,2002,2
Saint Lucia,LCA,2003,2
Saint Lucia,LCA,2004,2
Saint Lucia,LCA,2005,2
Saint Lucia,LCA,2006,2
Saint Lucia,LCA,2007,2
Saint Lucia,LCA,2008,2
Saint Lucia,LCA,2009,2
Saint Lucia,LCA,2010,1
Saint Lucia,LCA,2011,1
Saint Lucia,LCA,2012,2
Saint Lucia,LCA,2013,1
Saint Lucia,LCA,2014,1
Saint Lucia,LCA,2015,2
Saint Lucia,LCA,2016,1
Saint Lucia,LCA,2017,1
Saint Lucia,LCA,2018,1
Saint Lucia,LCA,2019,1
Saint Lucia,LCA,2020,1
Saint Vincent and the Grenadines,VCT,2000,2
Saint Vincent and the Grenadines,VCT,2001,1
Saint Vincent and the Grenadines,VCT,2002,1
Saint Vincent and the Grenadines,VCT,2003,1
Saint Vincent and the Grenadines,VCT,2004,1
Saint Vincent and the Grenadines,VCT,2005,1
Saint Vincent and the Grenadines,VCT,2006,1
Saint Vincent and the Grenadines,VCT,2007,1
Saint Vincent and the Grenadines,VCT,2008,1
Saint Vincent and the Grenadines,VCT,2009,1
Saint Vincent and the Grenadines,VCT,2010,1
Saint Vincent and the Grenadines,VCT,2011,1
Saint Vincent and the Grenadines,VCT,2012,1
Saint Vincent and the Grenadines,VCT,2013,1
Saint Vincent and the Grenadines,VCT,2014,1
Saint Vincent and the Grenadines,VCT,2015,1
Saint Vincent and the Grenadines,VCT,2016,1
Saint Vincent and the Grenadines,VCT,2017,1
Saint Vincent and the Grenadines,VCT,2018,1
Saint Vincent and the Grenadines,VCT,2019,1
Saint Vincent and the Grenadines,VCT,2020,1
Samoa,WSM,2000,4
Samoa,WSM,2001,4
Samoa,WSM,2002,4
Samoa,WSM,2003,4
Samoa,WSM,2004,4
Samoa,WSM,2005,4
Samoa,WSM,2006,3
Samoa,WSM,2007,4
Samoa,WSM,2008,4
Samoa,WSM,2009,4
Samoa,WSM,2010,4
Samoa,WSM,2011,4
Samoa,WSM,2012,4
Samoa,WSM,2013,3
Samoa,WSM,2014,4
Samoa,WSM,2015,3
Samoa,WSM,2016,3
Samoa,WSM,2017,4
Samoa,WSM,2018,3
Samoa,WSM,2019,4
Samoa,WSM,2020,4
Sao Tome and Principe,STP,2000,11
Sao Tome and Principe,STP,2001,11
Sao Tome and Principe,STP,2002,10
Sao Tome and Principe,STP,2003,10
Sao Tome and Principe,STP,2004,10
Sao Tome and Principe,STP,2005,10
Sao Tome and Principe,STP,2006,10
Sao Tome and Principe,STP,2007,10
Sao Tome and Principe,STP,2008,10
Sao Tome and Principe,STP,2009,11
Sao Tome and Principe,STP,2010,11
Sao Tome and Principe,STP,2011,13
Sao Tome and Principe,STP,2012,11
Sao Tome and Principe,STP,2013,11
Sao Tome and Principe,STP,2014,10
Sao Tome and Principe,STP,2015,10
Sao Tome and Principe,STP,2016,10
Sao Tome and Principe,STP,2017,9
Sao Tome and Principe,STP,2018,9
Sao Tome and Principe,STP,2019,9
Sao Tome and Principe,STP,2020,9
Saudi Arabia,SAU,2000,130
Saudi Arabia,SAU,2001,120
Saudi Arabia,SAU,2002,120
Saudi Arabia,SAU,2003,110
Saudi Arabia,SAU,2004,100
Saudi Arabia,SAU,2005,95
Saudi Arabia,SAU,2006,99
Saudi Arabia,SAU,2007,110
Saudi Arabia,SAU,2008,100
Saudi Arabia,SAU,2009,110
Saudi Arabia,SAU,2010,98
Saudi Arabia,SAU,2011,100
Saudi Arabia,SAU,2012,100
Saudi Arabia,SAU,2013,93
Saudi Arabia,SAU,2014,97
Saudi Arabia,SAU,2015,100
Saudi Arabia,SAU,2016,100
Saudi Arabia,SAU,2017,110
Saudi Arabia,SAU,2018,110
Saudi Arabia,SAU,2019,120
Saudi Arabia,SAU,2020,110
Senegal,SEN,2000,2400
Senegal,SEN,2001,2300
Senegal,SEN,2002,2400
Senegal,SEN,2003,2300
Senegal,SEN,2004,2300
Senegal,SEN,2005,2200
Senegal,SEN,2006,2100
Senegal,SEN,2007,2100
Senegal,SEN,2008,2200
Senegal,SEN,2009,2200
Senegal,SEN,2010,2100
Senegal,SEN,2011,2000
Senegal,SEN,2012,1900
Senegal,SEN,2013,1800
Senegal,SEN,2014,1800
Senegal,SEN,2015,1600
Senegal,SEN,2016,1400
Senegal,SEN,2017,1400
Senegal,SEN,2018,1500
Senegal,SEN,2019,1400
Senegal,SEN,2020,1400
Serbia,SRB,2000,14
Serbia,SRB,2001,12
Serbia,SRB,2002,12
Serbia,SRB,2003,12
Serbia,SRB,2004,11
Serbia,SRB,2005,11
Serbia,SRB,2006,10
Serbia,SRB,2007,10
Serbia,SRB,2008,10
Serbia,SRB,2009,10
Serbia,SRB,2010,10
Serbia,SRB,2011,10
Serbia,SRB,2012,10
Serbia,SRB,2013,9
Serbia,SRB,2014,9
Serbia,SRB,2015,9
Serbia,SRB,2016,8
Serbia,SRB,2017,8
Serbia,SRB,2018,8
Serbia,SRB,2019,7
Serbia,SRB,2020,7
Seychelles,SYC,2000,0
Seychelles,SYC,2001,0
Seychelles,SYC,2002,0
Seychelles,SYC,2003,0
Seychelles,SYC,2004,0
Seychelles,SYC,2005,0
Seychelles,SYC,2006,0
Seychelles,SYC,2007,0
Seychelles,SYC,2008,0
Seychelles,SYC,2009,0
Seychelles,SYC,2010,0
Seychelles,SYC,2011,0
Seychelles,SYC,2012,0
Seychelles,SYC,2013,0
Seychelles,SYC,2014,0
Seychelles,SYC,2015,0
Seychelles,SYC,2016,0
Seychelles,SYC,2017,0
Seychelles,SYC,2018,0
Seychelles,SYC,2019,0
Seychelles,SYC,2020,0
Sierra Leone,SLE,2000,3400
Sierra Leone,SLE,2001,3400
Sierra Leone,SLE,2002,3400
Sierra Leone,SLE,2003,3400
Sierra Leone,SLE,2004,3200
Sierra Leone,SLE,2005,3100
Sierra Leone,SLE,2006,3000
Sierra Leone,SLE,2007,2700
Sierra Leone,SLE,2008,2400
Sierra Leone,SLE,2009,2200
Sierra Leone,SLE,2010,2100
Sierra Leone,SLE,2011,1800
Sierra Leone,SLE,2012,1700
Sierra Leone,SLE,2013,1600
Sierra Leone,SLE,2014,1600
Sierra Leone,SLE,2015,1500
Sierra Leone,SLE,2016,1300
Sierra Leone,SLE,2017,1300
Sierra Leone,SLE,2018,1200
Sierra Leone,SLE,2019,1100
Sierra Leone,SLE,2020,1200
Singapore,SGP,2000,8
Singapore,SGP,2001,7
Singapore,SGP,2002,7
Singapore,SGP,2003,6
Singapore,SGP,2004,6
Singapore,SGP,2005,6
Singapore,SGP,2006,5
Singapore,SGP,2007,5
Singapore,SGP,2008,5
Singapore,SGP,2009,4
Singapore,SGP,2010,4
Singapore,SGP,2011,4
Singapore,SGP,2012,4
Singapore,SGP,2013,3
Singapore,SGP,2014,4
Singapore,SGP,2015,4
Singapore,SGP,2016,3
Singapore,SGP,2017,3
Singapore,SGP,2018,3
Singapore,SGP,2019,2
Singapore,SGP,2020,3
Slovakia,SVK,2000,5
Slovakia,SVK,2001,5
Slovakia,SVK,2002,4
Slovakia,SVK,2003,4
Slovakia,SVK,2004,4
Slovakia,SVK,2005,4
Slovakia,SVK,2006,4
Slovakia,SVK,2007,4
Slovakia,SVK,2008,3
Slovakia,SVK,2009,3
Slovakia,SVK,2010,3
Slovakia,SVK,2011,3
Slovakia,SVK,2012,3
Slovakia,SVK,2013,3
Slovakia,SVK,2014,3
Slovakia,SVK,2015,3
Slovakia,SVK,2016,3
Slovakia,SVK,2017,3
Slovakia,SVK,2018,3
Slovakia,SVK,2019,3
Slovakia,SVK,2020,3
Slovenia,SVN,2000,2
Slovenia,SVN,2001,2
Slovenia,SVN,2002,2
Slovenia,SVN,2003,1
Slovenia,SVN,2004,2
Slovenia,SVN,2005,2
Slovenia,SVN,2006,1
Slovenia,SVN,2007,1
Slovenia,SVN,2008,1
Slovenia,SVN,2009,2
Slovenia,SVN,2010,1
Slovenia,SVN,2011,1
Slovenia,SVN,2012,1
Slovenia,SVN,2013,1
Slovenia,SVN,2014,1
Slovenia,SVN,2015,1
Slovenia,SVN,2016,1
Slovenia,SVN,2017,1
Slovenia,SVN,2018,1
Slovenia,SVN,2019,1
Slovenia,SVN,2020,1
Solomon Islands,SLB,2000,23
Solomon Islands,SLB,2001,24
Solomon Islands,SLB,2002,24
Solomon Islands,SLB,2003,25
Solomon Islands,SLB,2004,25
Solomon Islands,SLB,2005,24
Solomon Islands,SLB,2006,25
Solomon Islands,SLB,2007,26
Solomon Islands,SLB,2008,26
Solomon Islands,SLB,2009,26
Solomon Islands,SLB,2010,26
Solomon Islands,SLB,2011,27
Solomon Islands,SLB,2012,27
Solomon Islands,SLB,2013,28
Solomon Islands,SLB,2014,28
Solomon Islands,SLB,2015,28
Solomon Islands,SLB,2016,27
Solomon Islands,SLB,2017,27
Solomon Islands,SLB,2018,27
Solomon Islands,SLB,2019,27
Solomon Islands,SLB,2020,26
Somalia,SOM,2000,4800
Somalia,SOM,2001,4900
Somalia,SOM,2002,5100
Somalia,SOM,2003,5300
Somalia,SOM,2004,5500
Somalia,SOM,2005,5500
Somalia,SOM,2006,5600
Somalia,SOM,2007,5700
Somalia,SOM,2008,5600
Somalia,SOM,2009,5400
Somalia,SOM,2010,5500
Somalia,SOM,2011,5500
Somalia,SOM,2012,5100
Somalia,SOM,2013,5000
Somalia,SOM,2014,4900
Somalia,SOM,2015,4900
Somalia,SOM,2016,4700
Somalia,SOM,2017,4600
Somalia,SOM,2018,4500
Somalia,SOM,2019,4300
Somalia,SOM,2020,4500
South Africa,ZAF,2000,1700
South Africa,ZAF,2001,1600
South Africa,ZAF,2002,1800
South Africa,ZAF,2003,2000
South Africa,ZAF,2004,2400
South Africa,ZAF,2005,2400
South Africa,ZAF,2006,2300
South Africa,ZAF,2007,2500
South Africa,ZAF,2008,2600
South Africa,ZAF,2009,2600
South Africa,ZAF,2010,2500
South Africa,ZAF,2011,2300
South Africa,ZAF,2012,2000
South Africa,ZAF,2013,1800
South Africa,ZAF,2014,1700
South Africa,ZAF,2015,1700
South Africa,ZAF,2016,1500
South Africa,ZAF,2017,1600
South Africa,ZAF,2018,1500
South Africa,ZAF,2019,1500
South Africa,ZAF,2020,1500
South Asia (WB),,2000,165000
South Asia (WB),,2001,161000
South Asia (WB),,2002,147000
South Asia (WB),,2003,140000
South Asia (WB),,2004,133000
South Asia (WB),,2005,125000
South Asia (WB),,2006,110000
South Asia (WB),,2007,106000
South Asia (WB),,2008,99000
South Asia (WB),,2009,94000
South Asia (WB),,2010,84000
South Asia (WB),,2011,80000
South Asia (WB),,2012,75000
South Asia (WB),,2013,72000
South Asia (WB),,2014,65000
South Asia (WB),,2015,62000
South Asia (WB),,2016,59000
South Asia (WB),,2017,56000
South Asia (WB),,2018,55000
South Asia (WB),,2019,54000
South Asia (WB),,2020,47000
South Korea,KOR,2000,91
South Korea,KOR,2001,82
South Korea,KOR,2002,80
South Korea,KOR,2003,62
South Korea,KOR,2004,58
South Korea,KOR,2005,54
South Korea,KOR,2006,49
South Korea,KOR,2007,47
South Korea,KOR,2008,42
South Korea,KOR,2009,39
South Korea,KOR,2010,37
South Korea,KOR,2011,44
South Korea,KOR,2012,42
South Korea,KOR,2013,31
South Korea,KOR,2014,28
South Korea,KOR,2015,26
South Korea,KOR,2016,24
South Korea,KOR,2017,22
South Korea,KOR,2018,21
South Korea,KOR,2019,19
South Korea,KOR,2020,24
South Sudan,SSD,2000,5300
South Sudan,SSD,2001,5300
South Sudan,SSD,2002,5500
South Sudan,SSD,2003,4600
South Sudan,SSD,2004,4500
South Sudan,SSD,2005,4400
South Sudan,SSD,2006,4300
South Sudan,SSD,2007,4000
South Sudan,SSD,2008,4100
South Sudan,SSD,2009,4100
South Sudan,SSD,2010,4100
South Sudan,SSD,2011,4300
South Sudan,SSD,2012,4500
South Sudan,SSD,2013,4900
South Sudan,SSD,2014,5200
South Sudan,SSD,2015,5000
South Sudan,SSD,2016,5200
South Sudan,SSD,2017,4500
South Sudan,SSD,2018,4100
South Sudan,SSD,2019,3800
South Sudan,SSD,2020,3800
Spain,ESP,2000,20
Spain,ESP,2001,20
Spain,ESP,2002,20
Spain,ESP,2003,22
Spain,ESP,2004,20
Spain,ESP,2005,21
Spain,ESP,2006,20
Spain,ESP,2007,20
Spain,ESP,2008,21
Spain,ESP,2009,20
Spain,ESP,2010,19
Spain,ESP,2011,19
Spain,ESP,2012,19
Spain,ESP,2013,18
Spain,ESP,2014,17
Spain,ESP,2015,16
Spain,ESP,2016,16
Spain,ESP,2017,15
Spain,ESP,2018,15
Spain,ESP,2019,11
Spain,ESP,2020,12
Sri Lanka,LKA,2000,210
Sri Lanka,LKA,2001,190
Sri Lanka,LKA,2002,190
Sri Lanka,LKA,2003,180
Sri Lanka,LKA,2004,180
Sri Lanka,LKA,2005,160
Sri Lanka,LKA,2006,160
Sri Lanka,LKA,2007,150
Sri Lanka,LKA,2008,150
Sri Lanka,LKA,2009,140
Sri Lanka,LKA,2010,140
Sri Lanka,LKA,2011,130
Sri Lanka,LKA,2012,130
Sri Lanka,LKA,2013,120
Sri Lanka,LKA,2014,110
Sri Lanka,LKA,2015,100
Sri Lanka,LKA,2016,99
Sri Lanka,LKA,2017,100
Sri Lanka,LKA,2018,97
Sri Lanka,LKA,2019,94
Sri Lanka,LKA,2020,89
Sub-Saharan Africa (WB),,2000,221000
Sub-Saharan Africa (WB),,2001,222000
Sub-Saharan Africa (WB),,2002,223000
Sub-Saharan Africa (WB),,2003,219000
Sub-Saharan Africa (WB),,2004,219000
Sub-Saharan Africa (WB),,2005,219000
Sub-Saharan Africa (WB),,2006,218000
Sub-Saharan Africa (WB),,2007,220000
Sub-Saharan Africa (WB),,2008,224000
Sub-Saharan Africa (WB),,2009,224000
Sub-Saharan Africa (WB),,2010,224000
Sub-Saharan Africa (WB),,2011,219000
Sub-Saharan Africa (WB),,2012,216000
Sub-Saharan Africa (WB),,2013,216000
Sub-Saharan Africa (WB),,2014,216000
Sub-Saharan Africa (WB),,2015,213000
Sub-Saharan Africa (WB),,2016,212000
Sub-Saharan Africa (WB),,2017,212000
Sub-Saharan Africa (WB),,2018,211000
Sub-Saharan Africa (WB),,2019,210000
Sub-Saharan Africa (WB),,2020,206000
Sudan,SDN,2000,6400
Sudan,SDN,2001,6500
Sudan,SDN,2002,6500
Sudan,SDN,2003,6200
Sudan,SDN,2004,5900
Sudan,SDN,2005,5600
Sudan,SDN,2006,5500
Sudan,SDN,2007,5100
Sudan,SDN,2008,5400
Sudan,SDN,2009,4900
Sudan,SDN,2010,4900
Sudan,SDN,2011,4500
Sudan,SDN,2012,4200
Sudan,SDN,2013,4200
Sudan,SDN,2014,4000
Sudan,SDN,2015,4100
Sudan,SDN,2016,4300
Sudan,SDN,2017,4200
Sudan,SDN,2018,4300
Sudan,SDN,2019,4500
Sudan,SDN,2020,4100
Suriname,SUR,2000,33
Suriname,SUR,2001,33
Suriname,SUR,2002,31
Suriname,SUR,2003,30
Suriname,SUR,2004,27
Suriname,SUR,2005,23
Suriname,SUR,2006,21
Suriname,SUR,2007,20
Suriname,SUR,2008,19
Suriname,SUR,2009,17
Suriname,SUR,2010,15
Suriname,SUR,2011,14
Suriname,SUR,2012,14
Suriname,SUR,2013,15
Suriname,SUR,2014,15
Suriname,SUR,2015,14
Suriname,SUR,2016,12
Suriname,SUR,2017,11
Suriname,SUR,2018,11
Suriname,SUR,2019,11
Suriname,SUR,2020,11
Sweden,SWE,2000,6
Sweden,SWE,2001,5
Sweden,SWE,2002,5
Sweden,SWE,2003,6
Sweden,SWE,2004,5
Sweden,SWE,2005,5
Sweden,SWE,2006,5
Sweden,SWE,2007,5
Sweden,SWE,2008,5
Sweden,SWE,2009,6
Sweden,SWE,2010,5
Sweden,SWE,2011,5
Sweden,SWE,2012,6
Sweden,SWE,2013,6
Sweden,SWE,2014,5
Sweden,SWE,2015,5
Sweden,SWE,2016,5
Sweden,SWE,2017,5
Sweden,SWE,2018,5
Sweden,SWE,2019,5
Sweden,SWE,2020,5
Switzerland,CHE,2000,6
Switzerland,CHE,2001,6
Switzerland,CHE,2002,7
Switzerland,CHE,2003,6
Switzerland,CHE,2004,6
Switzerland,CHE,2005,7
Switzerland,CHE,2006,7
Switzerland,CHE,2007,6
Switzerland,CHE,2008,6
Switzerland,CHE,2009,6
Switzerland,CHE,2010,6
Switzerland,CHE,2011,6
Switzerland,CHE,2012,6
Switzerland,CHE,2013,6
Switzerland,CHE,2014,6
Switzerland,CHE,2015,6
Switzerland,CHE,2016,7
Switzerland,CHE,2017,5
Switzerland,CHE,2018,6
Switzerland,CHE,2019,6
Switzerland,CHE,2020,6
Syria,SYR,2000,170
Syria,SYR,2001,150
Syria,SYR,2002,140
Syria,SYR,2003,130
Syria,SYR,2004,140
Syria,SYR,2005,130
Syria,SYR,2006,120
Syria,SYR,2007,130
Syria,SYR,2008,150
Syria,SYR,2009,130
Syria,SYR,2010,140
Syria,SYR,2011,150
Syria,SYR,2012,160
Syria,SYR,2013,160
Syria,SYR,2014,140
Syria,SYR,2015,120
Syria,SYR,2016,100
Syria,SYR,2017,110
Syria,SYR,2018,110
Syria,SYR,2019,120
Syria,SYR,2020,120
Tajikistan,TJK,2000,140
Tajikistan,TJK,2001,120
Tajikistan,TJK,2002,110
Tajikistan,TJK,2003,96
Tajikistan,TJK,2004,91
Tajikistan,TJK,2005,88
Tajikistan,TJK,2006,83
Tajikistan,TJK,2007,81
Tajikistan,TJK,2008,76
Tajikistan,TJK,2009,71
Tajikistan,TJK,2010,76
Tajikistan,TJK,2011,70
Tajikistan,TJK,2012,66
Tajikistan,TJK,2013,61
Tajikistan,TJK,2014,57
Tajikistan,TJK,2015,54
Tajikistan,TJK,2016,52
Tajikistan,TJK,2017,47
Tajikistan,TJK,2018,45
Tajikistan,TJK,2019,43
Tajikistan,TJK,2020,44
Tanzania,TZA,2000,11000
Tanzania,TZA,2001,11000
Tanzania,TZA,2002,10000
Tanzania,TZA,2003,9800
Tanzania,TZA,2004,9500
Tanzania,TZA,2005,9300
Tanzania,TZA,2006,9300
Tanzania,TZA,2007,9700
Tanzania,TZA,2008,11000
Tanzania,TZA,2009,9900
Tanzania,TZA,2010,8700
Tanzania,TZA,2011,8300
Tanzania,TZA,2012,7200
Tanzania,TZA,2013,7200
Tanzania,TZA,2014,7000
Tanzania,TZA,2015,6700
Tanzania,TZA,2016,6200
Tanzania,TZA,2017,6000
Tanzania,TZA,2018,5800
Tanzania,TZA,2019,5800
Tanzania,TZA,2020,5400
Thailand,THA,2000,410
Thailand,THA,2001,400
Thailand,THA,2002,330
Thailand,THA,2003,330
Thailand,THA,2004,350
Thailand,THA,2005,330
Thailand,THA,2006,310
Thailand,THA,2007,310
Thailand,THA,2008,310
Thailand,THA,2009,300
Thailand,THA,2010,290
Thailand,THA,2011,280
Thailand,THA,2012,260
Thailand,THA,2013,250
Thailand,THA,2014,240
Thailand,THA,2015,220
Thailand,THA,2016,210
Thailand,THA,2017,200
Thailand,THA,2018,200
Thailand,THA,2019,190
Thailand,THA,2020,190
Togo,TGO,2000,930
Togo,TGO,2001,950
Togo,TGO,2002,940
Togo,TGO,2003,950
Togo,TGO,2004,1000
Togo,TGO,2005,1100
Togo,TGO,2006,1100
Togo,TGO,2007,1200
Togo,TGO,2008,1200
Togo,TGO,2009,1200
Togo,TGO,2010,1300
Togo,TGO,2011,1200
Togo,TGO,2012,1300
Togo,TGO,2013,1200
Togo,TGO,2014,1200
Togo,TGO,2015,1100
Togo,TGO,2016,1100
Togo,TGO,2017,1100
Togo,TGO,2018,1200
Togo,TGO,2019,1100
Togo,TGO,2020,1100
Tonga,TON,2000,3
Tonga,TON,2001,3
Tonga,TON,2002,3
Tonga,TON,2003,3
Tonga,TON,2004,3
Tonga,TON,2005,3
Tonga,TON,2006,3
Tonga,TON,2007,3
Tonga,TON,2008,3
Tonga,TON,2009,3
Tonga,TON,2010,3
Tonga,TON,2011,3
Tonga,TON,2012,3
Tonga,TON,2013,3
Tonga,TON,2014,3
Tonga,TON,2015,3
Tonga,TON,2016,3
Tonga,TON,2017,3
Tonga,TON,2018,3
Tonga,TON,2019,3
Tonga,TON,2020,3
Trinidad and Tobago,TTO,2000,15
Trinidad and Tobago,TTO,2001,13
Trinidad and Tobago,TTO,2002,12
Trinidad and Tobago,TTO,2003,13
Trinidad and Tobago,TTO,2004,11
Trinidad and Tobago,TTO,2005,11
Trinidad and Tobago,TTO,2006,12
Trinidad and Tobago,TTO,2007,11
Trinidad and Tobago,TTO,2008,11
Trinidad and Tobago,TTO,2009,9
Trinidad and Tobago,TTO,2010,10
Trinidad and Tobago,TTO,2011,9
Trinidad and Tobago,TTO,2012,9
Trinidad and Tobago,TTO,2013,8
Trinidad and Tobago,TTO,2014,7
Trinidad and Tobago,TTO,2015,6
Trinidad and Tobago,TTO,2016,6
Trinidad and Tobago,TTO,2017,5
Trinidad and Tobago,TTO,2018,5
Trinidad and Tobago,TTO,2019,5
Trinidad and Tobago,TTO,2020,5
Tunisia,TUN,2000,100
Tunisia,TUN,2001,100
Tunisia,TUN,2002,100
Tunisia,TUN,2003,100
Tunisia,TUN,2004,100
Tunisia,TUN,2005,99
Tunisia,TUN,2006,97
Tunisia,TUN,2007,95
Tunisia,TUN,2008,93
Tunisia,TUN,2009,90
Tunisia,TUN,2010,87
Tunisia,TUN,2011,96
Tunisia,TUN,2012,93
Tunisia,TUN,2013,91
Tunisia,TUN,2014,90
Tunisia,TUN,2015,88
Tunisia,TUN,2016,83
Tunisia,TUN,2017,83
Tunisia,TUN,2018,83
Tunisia,TUN,2019,83
Tunisia,TUN,2020,74
Turkey,TUR,2000,440
Turkey,TUR,2001,430
Turkey,TUR,2002,370
Turkey,TUR,2003,360
Turkey,TUR,2004,340
Turkey,TUR,2005,330
Turkey,TUR,2006,320
Turkey,TUR,2007,310
Turkey,TUR,2008,300
Turkey,TUR,2009,290
Turkey,TUR,2010,290
Turkey,TUR,2011,300
Turkey,TUR,2012,280
Turkey,TUR,2013,270
Turkey,TUR,2014,270
Turkey,TUR,2015,280
Turkey,TUR,2016,280
Turkey,TUR,2017,240
Turkey,TUR,2018,230
Turkey,TUR,2019,220
Turkey,TUR,2020,220
Turkmenistan,TKM,2000,28
Turkmenistan,TKM,2001,27
Turkmenistan,TKM,2002,23
Turkmenistan,TKM,2003,21
Turkmenistan,TKM,2004,19
Turkmenistan,TKM,2005,18
Turkmenistan,TKM,2006,16
Turkmenistan,TKM,2007,15
Turkmenistan,TKM,2008,13
Turkmenistan,TKM,2009,13
Turkmenistan,TKM,2010,12
Turkmenistan,TKM,2011,11
Turkmenistan,TKM,2012,11
Turkmenistan,TKM,2013,10
Turkmenistan,TKM,2014,9
Turkmenistan,TKM,2015,9
Turkmenistan,TKM,2016,8
Turkmenistan,TKM,2017,7
Turkmenistan,TKM,2018,7
Turkmenistan,TKM,2019,7
Turkmenistan,TKM,2020,7
Uganda,UGA,2000,5400
Uganda,UGA,2001,5400
Uganda,UGA,2002,5500
Uganda,UGA,2003,5600
Uganda,UGA,2004,5600
Uganda,UGA,2005,5600
Uganda,UGA,2006,5400
Uganda,UGA,2007,5100
Uganda,UGA,2008,5300
Uganda,UGA,2009,5400
Uganda,UGA,2010,5200
Uganda,UGA,2011,5100
Uganda,UGA,2012,4800
Uganda,UGA,2013,4500
Uganda,UGA,2014,4800
Uganda,UGA,2015,4700
Uganda,UGA,2016,4700
Uganda,UGA,2017,4800
Uganda,UGA,2018,4500
Uganda,UGA,2019,4700
Uganda,UGA,2020,4700
Ukraine,UKR,2000,140
Ukraine,UKR,2001,120
Ukraine,UKR,2002,110
Ukraine,UKR,2003,100
Ukraine,UKR,2004,93
Ukraine,UKR,2005,89
Ukraine,UKR,2006,100
Ukraine,UKR,2007,100
Ukraine,UKR,2008,96
Ukraine,UKR,2009,88
Ukraine,UKR,2010,84
Ukraine,UKR,2011,76
Ukraine,UKR,2012,87
Ukraine,UKR,2013,83
Ukraine,UKR,2014,60
Ukraine,UKR,2015,54
Ukraine,UKR,2016,47
Ukraine,UKR,2017,44
Ukraine,UKR,2018,43
Ukraine,UKR,2019,33
Ukraine,UKR,2020,56
United Arab Emirates,ARE,2000,12
United Arab Emirates,ARE,2001,10
United Arab Emirates,ARE,2002,10
United Arab Emirates,ARE,2003,8
United Arab Emirates,ARE,2004,8
United Arab Emirates,ARE,2005,8
United Arab Emirates,ARE,2006,8
United Arab Emirates,ARE,2007,8
United Arab Emirates,ARE,2008,9
United Arab Emirates,ARE,2009,10
United Arab Emirates,ARE,2010,11
United Arab Emirates,ARE,2011,11
United Arab Emirates,ARE,2012,10
United Arab Emirates,ARE,2013,10
United Arab Emirates,ARE,2014,10
United Arab Emirates,ARE,2015,10
United Arab Emirates,ARE,2016,8
United Arab Emirates,ARE,2017,8
United Arab Emirates,ARE,2018,8
United Arab Emirates,ARE,2019,8
United Arab Emirates,ARE,2020,9
United Kingdom,GBR,2000,74
United Kingdom,GBR,2001,74
United Kingdom,GBR,2002,77
United Kingdom,GBR,2003,79
United Kingdom,GBR,2004,79
United Kingdom,GBR,2005,79
United Kingdom,GBR,2006,81
United Kingdom,GBR,2007,82
United Kingdom,GBR,2008,83
United Kingdom,GBR,2009,79
United Kingdom,GBR,2010,76
United Kingdom,GBR,2011,73
United Kingdom,GBR,2012,67
United Kingdom,GBR,2013,65
United Kingdom,GBR,2014,66
United Kingdom,GBR,2015,65
United Kingdom,GBR,2016,66
United Kingdom,GBR,2017,64
United Kingdom,GBR,2018,67
United Kingdom,GBR,2019,65
United Kingdom,GBR,2020,67
United States,USA,2000,480
United States,USA,2001,510
United States,USA,2002,520
United States,USA,2003,540
United States,USA,2004,540
United States,USA,2005,550
United States,USA,2006,560
United States,USA,2007,570
United States,USA,2008,600
United States,USA,2009,640
United States,USA,2010,570
United States,USA,2011,610
United States,USA,2012,630
United States,USA,2013,650
United States,USA,2014,670
United States,USA,2015,690
United States,USA,2016,730
United States,USA,2017,740
United States,USA,2018,740
United States,USA,2019,750
United States,USA,2020,770
Upper-middle-income countries,,2000,37000
Upper-middle-income countries,,2001,35000
Upper-middle-income countries,,2002,35000
Upper-middle-income countries,,2003,32000
Upper-middle-income countries,,2004,34000
Upper-middle-income countries,,2005,33000
Upper-middle-income countries,,2006,32000
Upper-middle-income countries,,2007,32000
Upper-middle-income countries,,2008,32000
Upper-middle-income countries,,2009,30000
Upper-middle-income countries,,2010,28000
Upper-middle-income countries,,2011,29000
Upper-middle-income countries,,2012,26000
Upper-middle-income countries,,2013,25000
Upper-middle-income countries,,2014,24000
Upper-middle-income countries,,2015,24000
Upper-middle-income countries,,2016,23000
Upper-middle-income countries,,2017,22000
Upper-middle-income countries,,2018,20000
Upper-middle-income countries,,2019,19000
Upper-middle-income countries,,2020,20000
Uruguay,URY,2000,14
Uruguay,URY,2001,12
Uruguay,URY,2002,12
Uruguay,URY,2003,11
Uruguay,URY,2004,11
Uruguay,URY,2005,10
Uruguay,URY,2006,10
Uruguay,URY,2007,9
Uruguay,URY,2008,9
Uruguay,URY,2009,9
Uruguay,URY,2010,9
Uruguay,URY,2011,8
Uruguay,URY,2012,8
Uruguay,URY,2013,8
Uruguay,URY,2014,8
Uruguay,URY,2015,8
Uruguay,URY,2016,8
Uruguay,URY,2017,7
Uruguay,URY,2018,7
Uruguay,URY,2019,7
Uruguay,URY,2020,7
Uzbekistan,UZB,2000,240
Uzbekistan,UZB,2001,220
Uzbekistan,UZB,2002,230
Uzbekistan,UZB,2003,230
Uzbekistan,UZB,2004,230
Uzbekistan,UZB,2005,250
Uzbekistan,UZB,2006,250
Uzbekistan,UZB,2007,250
Uzbekistan,UZB,2008,240
Uzbekistan,UZB,2009,250
Uzbekistan,UZB,2010,240
Uzbekistan,UZB,2011,240
Uzbekistan,UZB,2012,240
Uzbekistan,UZB,2013,230
Uzbekistan,UZB,2014,220
Uzbekistan,UZB,2015,220
Uzbekistan,UZB,2016,220
Uzbekistan,UZB,2017,220
Uzbekistan,UZB,2018,240
Uzbekistan,UZB,2019,240
Uzbekistan,UZB,2020,250
Vanuatu,VUT,2000,7
Vanuatu,VUT,2001,7
Vanuatu,VUT,2002,7
Vanuatu,VUT,2003,7
Vanuatu,VUT,2004,7
Vanuatu,VUT,2005,7
Vanuatu,VUT,2006,7
Vanuatu,VUT,2007,7
Vanuatu,VUT,2008,7
Vanuatu,VUT,2009,7
Vanuatu,VUT,2010,7
Vanuatu,VUT,2011,8
Vanuatu,VUT,2012,8
Vanuatu,VUT,2013,8
Vanuatu,VUT,2014,8
Vanuatu,VUT,2015,8
Vanuatu,VUT,2016,8
Vanuatu,VUT,2017,8
Vanuatu,VUT,2018,9
Vanuatu,VUT,2019,8
Vanuatu,VUT,2020,8
Venezuela,VEN,2000,540
Venezuela,VEN,2001,630
Venezuela,VEN,2002,590
Venezuela,VEN,2003,640
Venezuela,VEN,2004,630
Venezuela,VEN,2005,570
Venezuela,VEN,2006,570
Venezuela,VEN,2007,580
Venezuela,VEN,2008,630
Venezuela,VEN,2009,660
Venezuela,VEN,2010,670
Venezuela,VEN,2011,710
Venezuela,VEN,2012,700
Venezuela,VEN,2013,740
Venezuela,VEN,2014,700
Venezuela,VEN,2015,740
Venezuela,VEN,2016,880
Venezuela,VEN,2017,1000
Venezuela,VEN,2018,980
Venezuela,VEN,2019,880
Venezuela,VEN,2020,1200
World,OWID_WRL,2000,447000
World,OWID_WRL,2001,440000
World,OWID_WRL,2002,425000
World,OWID_WRL,2003,411000
World,OWID_WRL,2004,405000
World,OWID_WRL,2005,395000
World,OWID_WRL,2006,377000
World,OWID_WRL,2007,374000
World,OWID_WRL,2008,371000
World,OWID_WRL,2009,364000
World,OWID_WRL,2010,352000
World,OWID_WRL,2011,343000
World,OWID_WRL,2012,333000
World,OWID_WRL,2013,328000
World,OWID_WRL,2014,321000
World,OWID_WRL,2015,313000
World,OWID_WRL,2016,309000
World,OWID_WRL,2017,304000
World,OWID_WRL,2018,301000
World,OWID_WRL,2019,297000
World,OWID_WRL,2020,287000
Yemen,YEM,2000,2100
Yemen,YEM,2001,2000
Yemen,YEM,2002,1800
Yemen,YEM,2003,1700
Yemen,YEM,2004,1700
Yemen,YEM,2005,1600
Yemen,YEM,2006,1500
Yemen,YEM,2007,1400
Yemen,YEM,2008,1400
Yemen,YEM,2009,1400
Yemen,YEM,2010,1400
Yemen,YEM,2011,1400
Yemen,YEM,2012,1500
Yemen,YEM,2013,1400
Yemen,YEM,2014,1500
Yemen,YEM,2015,1600
Yemen,YEM,2016,1700
Yemen,YEM,2017,1800
Yemen,YEM,2018,1700
Yemen,YEM,2019,1800
Yemen,YEM,2020,1900
Zambia,ZMB,2000,1900
Zambia,ZMB,2001,1700
Zambia,ZMB,2002,1600
Zambia,ZMB,2003,1500
Zambia,ZMB,2004,1500
Zambia,ZMB,2005,1600
Zambia,ZMB,2006,1600
Zambia,ZMB,2007,1600
Zambia,ZMB,2008,1800
Zambia,ZMB,2009,1800
Zambia,ZMB,2010,1500
Zambia,ZMB,2011,1400
Zambia,ZMB,2012,1300
Zambia,ZMB,2013,1200
Zambia,ZMB,2014,1000
Zambia,ZMB,2015,1000
Zambia,ZMB,2016,970
Zambia,ZMB,2017,990
Zambia,ZMB,2018,930
Zambia,ZMB,2019,840
Zambia,ZMB,2020,890
Zimbabwe,ZWE,2000,1600
Zimbabwe,ZWE,2001,2500
Zimbabwe,ZWE,2002,1900
Zimbabwe,ZWE,2003,2300
Zimbabwe,ZWE,2004,2100
Zimbabwe,ZWE,2005,2300
Zimbabwe,ZWE,2006,2400
Zimbabwe,ZWE,2007,2900
Zimbabwe,ZWE,2008,3100
Zimbabwe,ZWE,2009,3100
Zimbabwe,ZWE,2010,3000
Zimbabwe,ZWE,2011,2700
Zimbabwe,ZWE,2012,2600
Zimbabwe,ZWE,2013,2400
Zimbabwe,ZWE,2014,2200
Zimbabwe,ZWE,2015,2000
Zimbabwe,ZWE,2016,1900
Zimbabwe,ZWE,2017,1800
Zimbabwe,ZWE,2018,1700
Zimbabwe,ZWE,2019,1900
Zimbabwe,ZWE,2020,1700