Entity,Code,Year,Prevalence of anemia among pregnant women (%)
Afghanistan,AFG,2000,44.4
Afghanistan,AFG,2001,43.9
Afghanistan,AFG,2002,43.4
Afghanistan,AFG,2003,42.9
Afghanistan,AFG,2004,42.4
Afghanistan,AFG,2005,41.9
Afghanistan,AFG,2006,41.4
Afghanistan,AFG,2007,40.9
Afghanistan,AFG,2008,40.3
Afghanistan,AFG,2009,39.8
Afghanistan,AFG,2010,39.3
Afghanistan,AFG,2011,38.8
Afghanistan,AFG,2012,38.3
Afghanistan,AFG,2013,37.9
Afghanistan,AFG,2014,37.6
Afghanistan,AFG,2015,37.3
Afghanistan,AFG,2016,37.1
Afghanistan,AFG,2017,36.9
Afghanistan,AFG,2018,36.7
Afghanistan,AFG,2019,36.5
Albania,ALB,2000,29
Albania,ALB,2001,28.2
Albania,ALB,2002,27.3
Albania,ALB,2003,26.6
Albania,ALB,2004,25.8
Albania,ALB,2005,25
Albania,ALB,2006,24.3
Albania,ALB,2007,23.5
Albania,ALB,2008,22.9
Albania,ALB,2009,22.3
Albania,ALB,2010,21.9
Albania,ALB,2011,21.9
Albania,ALB,2012,22.1
Albania,ALB,2013,22.3
Albania,ALB,2014,22.6
Albania,ALB,2015,23
Albania,ALB,2016,23.5
Albania,ALB,2017,24
Albania,ALB,2018,24.2
Albania,ALB,2019,24.5
Algeria,DZA,2000,37.1
Algeria,DZA,2001,36.7
Algeria,DZA,2002,36.3
Algeria,DZA,2003,36
Algeria,DZA,2004,35.7
Algeria,DZA,2005,35.4
Algeria,DZA,2006,35.1
Algeria,DZA,2007,34.8
Algeria,DZA,2008,34.5
Algeria,DZA,2009,34.2
Algeria,DZA,2010,34
Algeria,DZA,2011,33.8
Algeria,DZA,2012,33.6
Algeria,DZA,2013,33.5
Algeria,DZA,2014,33.5
Algeria,DZA,2015,33.4
Algeria,DZA,2016,33.3
Algeria,DZA,2017,33.3
Algeria,DZA,2018,33.2
Algeria,DZA,2019,33.1
Andorra,AND,2000,16.6
Andorra,AND,2001,16.4
Andorra,AND,2002,16.2
Andorra,AND,2003,16.1
Andorra,AND,2004,16
Andorra,AND,2005,15.9
Andorra,AND,2006,15.8
Andorra,AND,2007,15.8
Andorra,AND,2008,15.7
Andorra,AND,2009,15.7
Andorra,AND,2010,15.7
Andorra,AND,2011,15.7
Andorra,AND,2012,15.8
Andorra,AND,2013,15.9
Andorra,AND,2014,16.1
Andorra,AND,2015,16.2
Andorra,AND,2016,16.4
Andorra,AND,2017,16.5
Andorra,AND,2018,16.6
Andorra,AND,2019,16.8
Angola,AGO,2000,53.9
Angola,AGO,2001,53.8
Angola,AGO,2002,53.7
Angola,AGO,2003,53.5
Angola,AGO,2004,53.3
Angola,AGO,2005,53
Angola,AGO,2006,52.7
Angola,AGO,2007,52.4
Angola,AGO,2008,52.1
Angola,AGO,2009,51.6
Angola,AGO,2010,51.2
Angola,AGO,2011,50.7
Angola,AGO,2012,50.4
Angola,AGO,2013,50.1
Angola,AGO,2014,49.8
Angola,AGO,2015,49.5
Angola,AGO,2016,49.2
Angola,AGO,2017,48.9
Angola,AGO,2018,48.6
Angola,AGO,2019,48.3
Antigua and Barbuda,ATG,2000,23.1
Antigua and Barbuda,ATG,2001,22.9
Antigua and Barbuda,ATG,2002,22.7
Antigua and Barbuda,ATG,2003,22.4
Antigua and Barbuda,ATG,2004,22.1
Antigua and Barbuda,ATG,2005,21.6
Antigua and Barbuda,ATG,2006,21.2
Antigua and Barbuda,ATG,2007,20.7
Antigua and Barbuda,ATG,2008,20.2
Antigua and Barbuda,ATG,2009,19.9
Antigua and Barbuda,ATG,2010,19.5
Antigua and Barbuda,ATG,2011,19.4
Antigua and Barbuda,ATG,2012,19.3
Antigua and Barbuda,ATG,2013,19.2
Antigua and Barbuda,ATG,2014,19.2
Antigua and Barbuda,ATG,2015,19.2
Antigua and Barbuda,ATG,2016,19.2
Antigua and Barbuda,ATG,2017,19.3
Antigua and Barbuda,ATG,2018,19.3
Antigua and Barbuda,ATG,2019,19.4
Argentina,ARG,2000,26.4
Argentina,ARG,2001,26.1
Argentina,ARG,2002,25.9
Argentina,ARG,2003,25.7
Argentina,ARG,2004,25.5
Argentina,ARG,2005,25
Argentina,ARG,2006,24.4
Argentina,ARG,2007,23.9
Argentina,ARG,2008,23.4
Argentina,ARG,2009,22.9
Argentina,ARG,2010,22.4
Argentina,ARG,2011,22
Argentina,ARG,2012,21.6
Argentina,ARG,2013,21.4
Argentina,ARG,2014,21.2
Argentina,ARG,2015,20.9
Argentina,ARG,2016,20.7
Argentina,ARG,2017,20.6
Argentina,ARG,2018,20.5
Argentina,ARG,2019,20.6
Armenia,ARM,2000,24.7
Armenia,ARM,2001,24.7
Armenia,ARM,2002,24.7
Armenia,ARM,2003,24.5
Armenia,ARM,2004,24.1
Armenia,ARM,2005,23.6
Armenia,ARM,2006,23.1
Armenia,ARM,2007,22.6
Armenia,ARM,2008,22
Armenia,ARM,2009,21.3
Armenia,ARM,2010,20.6
Armenia,ARM,2011,20.2
Armenia,ARM,2012,20
Armenia,ARM,2013,19.6
Armenia,ARM,2014,19.3
Armenia,ARM,2015,18.9
Armenia,ARM,2016,18.6
Armenia,ARM,2017,18.4
Armenia,ARM,2018,18.2
Armenia,ARM,2019,18.1
Australia,AUS,2000,15.7
Australia,AUS,2001,15.4
Australia,AUS,2002,15.1
Australia,AUS,2003,14.9
Australia,AUS,2004,14.8
Australia,AUS,2005,14.7
Australia,AUS,2006,14.6
Australia,AUS,2007,14.6
Australia,AUS,2008,14.6
Australia,AUS,2009,14.5
Australia,AUS,2010,14.5
Australia,AUS,2011,14.6
Australia,AUS,2012,14.6
Australia,AUS,2013,14.6
Australia,AUS,2014,14.7
Australia,AUS,2015,14.9
Australia,AUS,2016,15.1
Australia,AUS,2017,15.3
Australia,AUS,2018,15.5
Australia,AUS,2019,15.7
Austria,AUT,2000,17.9
Austria,AUT,2001,17.6
Austria,AUT,2002,17.4
Austria,AUT,2003,17.3
Austria,AUT,2004,17.2
Austria,AUT,2005,17.1
Austria,AUT,2006,17
Austria,AUT,2007,16.9
Austria,AUT,2008,16.9
Austria,AUT,2009,16.9
Austria,AUT,2010,16.8
Austria,AUT,2011,16.9
Austria,AUT,2012,16.9
Austria,AUT,2013,17
Austria,AUT,2014,17.1
Austria,AUT,2015,17.3
Austria,AUT,2016,17.4
Austria,AUT,2017,17.6
Austria,AUT,2018,17.7
Austria,AUT,2019,17.8
Azerbaijan,AZE,2000,38.7
Azerbaijan,AZE,2001,38.6
Azerbaijan,AZE,2002,38.5
Azerbaijan,AZE,2003,38.4
Azerbaijan,AZE,2004,38.3
Azerbaijan,AZE,2005,38
Azerbaijan,AZE,2006,37.5
Azerbaijan,AZE,2007,36.8
Azerbaijan,AZE,2008,36.3
Azerbaijan,AZE,2009,35.8
Azerbaijan,AZE,2010,35.5
Azerbaijan,AZE,2011,35.3
Azerbaijan,AZE,2012,35.2
Azerbaijan,AZE,2013,35.2
Azerbaijan,AZE,2014,35.2
Azerbaijan,AZE,2015,35.2
Azerbaijan,AZE,2016,35.1
Azerbaijan,AZE,2017,35.1
Azerbaijan,AZE,2018,35.1
Azerbaijan,AZE,2019,35
Bahamas,BHS,2000,18.6
Bahamas,BHS,2001,18.3
Bahamas,BHS,2002,18.1
Bahamas,BHS,2003,17.9
Bahamas,BHS,2004,17.9
Bahamas,BHS,2005,17.7
Bahamas,BHS,2006,17.4
Bahamas,BHS,2007,17.1
Bahamas,BHS,2008,16.8
Bahamas,BHS,2009,16.5
Bahamas,BHS,2010,16.3
Bahamas,BHS,2011,16
Bahamas,BHS,2012,15.8
Bahamas,BHS,2013,15.8
Bahamas,BHS,2014,15.9
Bahamas,BHS,2015,16
Bahamas,BHS,2016,16.2
Bahamas,BHS,2017,16.3
Bahamas,BHS,2018,16.6
Bahamas,BHS,2019,16.8
Bahrain,BHR,2000,38
Bahrain,BHR,2001,37.6
Bahrain,BHR,2002,37.2
Bahrain,BHR,2003,37
Bahrain,BHR,2004,36.7
Bahrain,BHR,2005,36.4
Bahrain,BHR,2006,36.1
Bahrain,BHR,2007,35.7
Bahrain,BHR,2008,35.3
Bahrain,BHR,2009,35
Bahrain,BHR,2010,34.7
Bahrain,BHR,2011,34.6
Bahrain,BHR,2012,34.6
Bahrain,BHR,2013,34.5
Bahrain,BHR,2014,34.3
Bahrain,BHR,2015,34.1
Bahrain,BHR,2016,34
Bahrain,BHR,2017,33.9
Bahrain,BHR,2018,33.7
Bahrain,BHR,2019,33.5
Bangladesh,BGD,2000,46.8
Bangladesh,BGD,2001,46.6
Bangladesh,BGD,2002,46.5
Bangladesh,BGD,2003,46.4
Bangladesh,BGD,2004,46.3
Bangladesh,BGD,2005,46.1
Bangladesh,BGD,2006,45.9
Bangladesh,BGD,2007,45.6
Bangladesh,BGD,2008,45.3
Bangladesh,BGD,2009,45
Bangladesh,BGD,2010,44.7
Bangladesh,BGD,2011,44.5
Bangladesh,BGD,2012,44.2
Bangladesh,BGD,2013,43.9
Bangladesh,BGD,2014,43.6
Bangladesh,BGD,2015,43.3
Bangladesh,BGD,2016,43.1
Bangladesh,BGD,2017,42.8
Bangladesh,BGD,2018,42.5
Bangladesh,BGD,2019,42.2
Barbados,BRB,2000,22.2
Barbados,BRB,2001,22.2
Barbados,BRB,2002,22
Barbados,BRB,2003,21.9
Barbados,BRB,2004,21.6
Barbados,BRB,2005,21.3
Barbados,BRB,2006,21
Barbados,BRB,2007,20.7
Barbados,BRB,2008,20.3
Barbados,BRB,2009,20.1
Barbados,BRB,2010,19.9
Barbados,BRB,2011,19.8
Barbados,BRB,2012,19.6
Barbados,BRB,2013,19.5
Barbados,BRB,2014,19.4
Barbados,BRB,2015,19.4
Barbados,BRB,2016,19.4
Barbados,BRB,2017,19.4
Barbados,BRB,2018,19.4
Barbados,BRB,2019,19.5
Belarus,BLR,2000,28.1
Belarus,BLR,2001,27.9
Belarus,BLR,2002,27.7
Belarus,BLR,2003,27.4
Belarus,BLR,2004,27.1
Belarus,BLR,2005,26.6
Belarus,BLR,2006,26.1
Belarus,BLR,2007,25.6
Belarus,BLR,2008,25
Belarus,BLR,2009,24.4
Belarus,BLR,2010,24
Belarus,BLR,2011,23.8
Belarus,BLR,2012,23.7
Belarus,BLR,2013,23.6
Belarus,BLR,2014,23.6
Belarus,BLR,2015,23.6
Belarus,BLR,2016,23.7
Belarus,BLR,2017,23.8
Belarus,BLR,2018,23.9
Belarus,BLR,2019,23.9
Belgium,BEL,2000,16
Belgium,BEL,2001,15.6
Belgium,BEL,2002,15.3
Belgium,BEL,2003,15.1
Belgium,BEL,2004,14.9
Belgium,BEL,2005,14.8
Belgium,BEL,2006,14.8
Belgium,BEL,2007,14.7
Belgium,BEL,2008,14.6
Belgium,BEL,2009,14.6
Belgium,BEL,2010,14.5
Belgium,BEL,2011,14.6
Belgium,BEL,2012,14.7
Belgium,BEL,2013,14.7
Belgium,BEL,2014,14.9
Belgium,BEL,2015,15.1
Belgium,BEL,2016,15.4
Belgium,BEL,2017,15.7
Belgium,BEL,2018,15.9
Belgium,BEL,2019,16.2
Belize,BLZ,2000,27.9
Belize,BLZ,2001,27.5
Belize,BLZ,2002,27
Belize,BLZ,2003,26.6
Belize,BLZ,2004,26
Belize,BLZ,2005,25.4
Belize,BLZ,2006,24.9
Belize,BLZ,2007,24.3
Belize,BLZ,2008,23.7
Belize,BLZ,2009,23.2
Belize,BLZ,2010,22.6
Belize,BLZ,2011,22.2
Belize,BLZ,2012,21.9
Belize,BLZ,2013,21.7
Belize,BLZ,2014,21.5
Belize,BLZ,2015,21.4
Belize,BLZ,2016,21.3
Belize,BLZ,2017,21.2
Belize,BLZ,2018,21.2
Belize,BLZ,2019,21.2
Benin,BEN,2000,61.6
Benin,BEN,2001,61.4
Benin,BEN,2002,61.3
Benin,BEN,2003,61.2
Benin,BEN,2004,61
Benin,BEN,2005,60.8
Benin,BEN,2006,60.6
Benin,BEN,2007,60.4
Benin,BEN,2008,60.1
Benin,BEN,2009,59.8
Benin,BEN,2010,59.5
Benin,BEN,2011,59.2
Benin,BEN,2012,59
Benin,BEN,2013,58.8
Benin,BEN,2014,58.6
Benin,BEN,2015,58.5
Benin,BEN,2016,58.4
Benin,BEN,2017,58.3
Benin,BEN,2018,58.2
Benin,BEN,2019,58.1
Bhutan,BTN,2000,47.1
Bhutan,BTN,2001,46.7
Bhutan,BTN,2002,46.3
Bhutan,BTN,2003,45.9
Bhutan,BTN,2004,45.5
Bhutan,BTN,2005,45.1
Bhutan,BTN,2006,44.6
Bhutan,BTN,2007,44.1
Bhutan,BTN,2008,43.5
Bhutan,BTN,2009,43
Bhutan,BTN,2010,42.4
Bhutan,BTN,2011,41.9
Bhutan,BTN,2012,41.3
Bhutan,BTN,2013,40.8
Bhutan,BTN,2014,40.3
Bhutan,BTN,2015,39.9
Bhutan,BTN,2016,39.4
Bhutan,BTN,2017,39
Bhutan,BTN,2018,38.6
Bhutan,BTN,2019,38.2
Bolivia,BOL,2000,35.3
Bolivia,BOL,2001,35.6
Bolivia,BOL,2002,36
Bolivia,BOL,2003,36.1
Bolivia,BOL,2004,36.2
Bolivia,BOL,2005,36.3
Bolivia,BOL,2006,36.3
Bolivia,BOL,2007,36.2
Bolivia,BOL,2008,36.3
Bolivia,BOL,2009,36.2
Bolivia,BOL,2010,36.1
Bolivia,BOL,2011,35.9
Bolivia,BOL,2012,35.7
Bolivia,BOL,2013,35.5
Bolivia,BOL,2014,35.8
Bolivia,BOL,2015,35.4
Bolivia,BOL,2016,34.5
Bolivia,BOL,2017,34.2
Bolivia,BOL,2018,33.8
Bolivia,BOL,2019,33.7
Bosnia and Herzegovina,BIH,2000,31.2
Bosnia and Herzegovina,BIH,2001,30.7
Bosnia and Herzegovina,BIH,2002,30.3
Bosnia and Herzegovina,BIH,2003,29.9
Bosnia and Herzegovina,BIH,2004,29.7
Bosnia and Herzegovina,BIH,2005,29.4
Bosnia and Herzegovina,BIH,2006,29.2
Bosnia and Herzegovina,BIH,2007,28.9
Bosnia and Herzegovina,BIH,2008,28.6
Bosnia and Herzegovina,BIH,2009,28.3
Bosnia and Herzegovina,BIH,2010,28
Bosnia and Herzegovina,BIH,2011,27.8
Bosnia and Herzegovina,BIH,2012,27.6
Bosnia and Herzegovina,BIH,2013,27.5
Bosnia and Herzegovina,BIH,2014,27.4
Bosnia and Herzegovina,BIH,2015,27.3
Bosnia and Herzegovina,BIH,2016,27.2
Bosnia and Herzegovina,BIH,2017,27.2
Bosnia and Herzegovina,BIH,2018,27.2
Bosnia and Herzegovina,BIH,2019,27.2
Botswana,BWA,2000,34.7
Botswana,BWA,2001,34.4
Botswana,BWA,2002,34.1
Botswana,BWA,2003,33.9
Botswana,BWA,2004,33.6
Botswana,BWA,2005,33.3
Botswana,BWA,2006,32.9
Botswana,BWA,2007,32.4
Botswana,BWA,2008,32
Botswana,BWA,2009,31.7
Botswana,BWA,2010,31.4
Botswana,BWA,2011,31.1
Botswana,BWA,2012,31
Botswana,BWA,2013,31
Botswana,BWA,2014,31
Botswana,BWA,2015,31.2
Botswana,BWA,2016,31.3
Botswana,BWA,2017,31.4
Botswana,BWA,2018,31.4
Botswana,BWA,2019,31.4
Brazil,BRA,2000,26.3
Brazil,BRA,2001,25.9
Brazil,BRA,2002,25.8
Brazil,BRA,2003,25.6
Brazil,BRA,2004,25.3
Brazil,BRA,2005,24.9
Brazil,BRA,2006,24.5
Brazil,BRA,2007,23.9
Brazil,BRA,2008,23.3
Brazil,BRA,2009,22.6
Brazil,BRA,2010,21.9
Brazil,BRA,2011,21.3
Brazil,BRA,2012,20.8
Brazil,BRA,2013,20.3
Brazil,BRA,2014,19.9
Brazil,BRA,2015,19.6
Brazil,BRA,2016,19.4
Brazil,BRA,2017,19.3
Brazil,BRA,2018,19.2
Brazil,BRA,2019,19.1
Brunei,BRN,2000,28.7
Brunei,BRN,2001,27.9
Brunei,BRN,2002,27.2
Brunei,BRN,2003,26.5
Brunei,BRN,2004,25.9
Brunei,BRN,2005,25.4
Brunei,BRN,2006,25.1
Brunei,BRN,2007,24.7
Brunei,BRN,2008,24.3
Brunei,BRN,2009,23.9
Brunei,BRN,2010,23.6
Brunei,BRN,2011,23.3
Brunei,BRN,2012,23.1
Brunei,BRN,2013,22.9
Brunei,BRN,2014,22.7
Brunei,BRN,2015,22.7
Brunei,BRN,2016,22.7
Brunei,BRN,2017,22.6
Brunei,BRN,2018,22.6
Brunei,BRN,2019,22.7
Bulgaria,BGR,2000,27.9
Bulgaria,BGR,2001,27.7
Bulgaria,BGR,2002,27.7
Bulgaria,BGR,2003,27.7
Bulgaria,BGR,2004,27.6
Bulgaria,BGR,2005,27.5
Bulgaria,BGR,2006,27.3
Bulgaria,BGR,2007,26.9
Bulgaria,BGR,2008,26.6
Bulgaria,BGR,2009,26.3
Bulgaria,BGR,2010,25.9
Bulgaria,BGR,2011,25.7
Bulgaria,BGR,2012,25.6
Bulgaria,BGR,2013,25.5
Bulgaria,BGR,2014,25.5
Bulgaria,BGR,2015,25.6
Bulgaria,BGR,2016,25.6
Bulgaria,BGR,2017,25.7
Bulgaria,BGR,2018,25.7
Bulgaria,BGR,2019,25.8
Burkina Faso,BFA,2000,58.8
Burkina Faso,BFA,2001,58.7
Burkina Faso,BFA,2002,58.6
Burkina Faso,BFA,2003,58.5
Burkina Faso,BFA,2004,58.4
Burkina Faso,BFA,2005,58.2
Burkina Faso,BFA,2006,58
Burkina Faso,BFA,2007,57.9
Burkina Faso,BFA,2008,57.7
Burkina Faso,BFA,2009,57.5
Burkina Faso,BFA,2010,57.3
Burkina Faso,BFA,2011,57.1
Burkina Faso,BFA,2012,56.9
Burkina Faso,BFA,2013,56.8
Burkina Faso,BFA,2014,56.6
Burkina Faso,BFA,2015,56.3
Burkina Faso,BFA,2016,56.1
Burkina Faso,BFA,2017,55.9
Burkina Faso,BFA,2018,55.6
Burkina Faso,BFA,2019,55.3
Burundi,BDI,2000,45
Burundi,BDI,2001,44.6
Burundi,BDI,2002,44.2
Burundi,BDI,2003,43.6
Burundi,BDI,2004,43.1
Burundi,BDI,2005,42.5
Burundi,BDI,2006,42
Burundi,BDI,2007,41.4
Burundi,BDI,2008,40.9
Burundi,BDI,2009,40.5
Burundi,BDI,2010,40.2
Burundi,BDI,2011,40.2
Burundi,BDI,2012,40.4
Burundi,BDI,2013,40.7
Burundi,BDI,2014,41.2
Burundi,BDI,2015,41.8
Burundi,BDI,2016,42.4
Burundi,BDI,2017,43
Burundi,BDI,2018,43.6
Burundi,BDI,2019,44.2
Cambodia,KHM,2000,55.4
Cambodia,KHM,2001,55.2
Cambodia,KHM,2002,54.9
Cambodia,KHM,2003,54.6
Cambodia,KHM,2004,54.3
Cambodia,KHM,2005,53.9
Cambodia,KHM,2006,53.6
Cambodia,KHM,2007,53.2
Cambodia,KHM,2008,52.9
Cambodia,KHM,2009,52.6
Cambodia,KHM,2010,52.4
Cambodia,KHM,2011,52.2
Cambodia,KHM,2012,52.1
Cambodia,KHM,2013,52
Cambodia,KHM,2014,51.9
Cambodia,KHM,2015,51.8
Cambodia,KHM,2016,51.8
Cambodia,KHM,2017,51.7
Cambodia,KHM,2018,51.6
Cambodia,KHM,2019,51.5
Cameroon,CMR,2000,52.2
Cameroon,CMR,2001,52.1
Cameroon,CMR,2002,52
Cameroon,CMR,2003,51.8
Cameroon,CMR,2004,51.5
Cameroon,CMR,2005,51.3
Cameroon,CMR,2006,50.9
Cameroon,CMR,2007,50.5
Cameroon,CMR,2008,50
Cameroon,CMR,2009,49.5
Cameroon,CMR,2010,49
Cameroon,CMR,2011,48.5
Cameroon,CMR,2012,48.1
Cameroon,CMR,2013,47.6
Cameroon,CMR,2014,47.1
Cameroon,CMR,2015,46.6
Cameroon,CMR,2016,46.1
Cameroon,CMR,2017,45.5
Cameroon,CMR,2018,44.9
Cameroon,CMR,2019,44.4
Canada,CAN,2000,15.7
Canada,CAN,2001,15.3
Canada,CAN,2002,15.1
Canada,CAN,2003,14.9
Canada,CAN,2004,14.8
Canada,CAN,2005,14.7
Canada,CAN,2006,14.6
Canada,CAN,2007,14.6
Canada,CAN,2008,14.6
Canada,CAN,2009,14.6
Canada,CAN,2010,14.6
Canada,CAN,2011,14.6
Canada,CAN,2012,14.7
Canada,CAN,2013,14.8
Canada,CAN,2014,15
Canada,CAN,2015,15.2
Canada,CAN,2016,15.4
Canada,CAN,2017,15.5
Canada,CAN,2018,15.7
Canada,CAN,2019,16
Cape Verde,CPV,2000,46.5
Cape Verde,CPV,2001,46
Cape Verde,CPV,2002,45.6
Cape Verde,CPV,2003,45.1
Cape Verde,CPV,2004,44.6
Cape Verde,CPV,2005,44.1
Cape Verde,CPV,2006,43.5
Cape Verde,CPV,2007,42.9
Cape Verde,CPV,2008,42.2
Cape Verde,CPV,2009,41.5
Cape Verde,CPV,2010,40.8
Cape Verde,CPV,2011,40.1
Cape Verde,CPV,2012,39.4
Cape Verde,CPV,2013,38.8
Cape Verde,CPV,2014,38
Cape Verde,CPV,2015,37.3
Cape Verde,CPV,2016,36.5
Cape Verde,CPV,2017,35.6
Cape Verde,CPV,2018,34.7
Cape Verde,CPV,2019,33.9
Central African Republic,CAF,2000,55.1
Central African Republic,CAF,2001,55
Central African Republic,CAF,2002,54.9
Central African Republic,CAF,2003,54.8
Central African Republic,CAF,2004,54.7
Central African Republic,CAF,2005,54.6
Central African Republic,CAF,2006,54.5
Central African Republic,CAF,2007,54.2
Central African Republic,CAF,2008,54
Central African Republic,CAF,2009,53.8
Central African Republic,CAF,2010,53.5
Central African Republic,CAF,2011,53.3
Central African Republic,CAF,2012,53
Central African Republic,CAF,2013,52.9
Central African Republic,CAF,2014,52.7
Central African Republic,CAF,2015,52.6
Central African Republic,CAF,2016,52.4
Central African Republic,CAF,2017,52.1
Central African Republic,CAF,2018,51.8
Central African Republic,CAF,2019,51.5
Chad,TCD,2000,54.9
Chad,TCD,2001,54.8
Chad,TCD,2002,54.7
Chad,TCD,2003,54.5
Chad,TCD,2004,54.3
Chad,TCD,2005,54
Chad,TCD,2006,53.7
Chad,TCD,2007,53.3
Chad,TCD,2008,52.8
Chad,TCD,2009,52.3
Chad,TCD,2010,51.8
Chad,TCD,2011,51.2
Chad,TCD,2012,50.6
Chad,TCD,2013,50
Chad,TCD,2014,49.3
Chad,TCD,2015,48.6
Chad,TCD,2016,47.8
Chad,TCD,2017,47
Chad,TCD,2018,46.2
Chad,TCD,2019,45.3
Chile,CHL,2000,23.3
Chile,CHL,2001,22.8
Chile,CHL,2002,22.4
Chile,CHL,2003,21.9
Chile,CHL,2004,21.5
Chile,CHL,2005,21.2
Chile,CHL,2006,20.9
Chile,CHL,2007,20.6
Chile,CHL,2008,20.3
Chile,CHL,2009,20.1
Chile,CHL,2010,19.8
Chile,CHL,2011,19.7
Chile,CHL,2012,19.5
Chile,CHL,2013,19.4
Chile,CHL,2014,19.3
Chile,CHL,2015,19.2
Chile,CHL,2016,19.2
Chile,CHL,2017,19.3
Chile,CHL,2018,19.3
Chile,CHL,2019,19.4
China,CHN,2000,28.7
China,CHN,2001,27.7
China,CHN,2002,26.9
China,CHN,2003,26.1
China,CHN,2004,25.3
China,CHN,2005,24.4
China,CHN,2006,23.5
China,CHN,2007,22.6
China,CHN,2008,21.8
China,CHN,2009,21
China,CHN,2010,20.2
China,CHN,2011,19.7
China,CHN,2012,19.3
China,CHN,2013,19.1
China,CHN,2014,18.9
China,CHN,2015,18.9
China,CHN,2016,19
China,CHN,2017,18.8
China,CHN,2018,18.6
China,CHN,2019,18.5
Colombia,COL,2000,33.4
Colombia,COL,2001,33.1
Colombia,COL,2002,32.6
Colombia,COL,2003,32.2
Colombia,COL,2004,31.6
Colombia,COL,2005,31
Colombia,COL,2006,30.2
Colombia,COL,2007,29.3
Colombia,COL,2008,28.3
Colombia,COL,2009,27.3
Colombia,COL,2010,26.4
Colombia,COL,2011,25.5
Colombia,COL,2012,24.8
Colombia,COL,2013,24.1
Colombia,COL,2014,23.6
Colombia,COL,2015,23
Colombia,COL,2016,22.6
Colombia,COL,2017,22.3
Colombia,COL,2018,22
Colombia,COL,2019,21.8
Comoros,COM,2000,42.7
Comoros,COM,2001,42.3
Comoros,COM,2002,42
Comoros,COM,2003,41.6
Comoros,COM,2004,41.3
Comoros,COM,2005,40.8
Comoros,COM,2006,40.3
Comoros,COM,2007,39.9
Comoros,COM,2008,39.5
Comoros,COM,2009,39.1
Comoros,COM,2010,38.7
Comoros,COM,2011,38.5
Comoros,COM,2012,38.3
Comoros,COM,2013,38.2
Comoros,COM,2014,38.1
Comoros,COM,2015,38.1
Comoros,COM,2016,38.1
Comoros,COM,2017,38.1
Comoros,COM,2018,38.1
Comoros,COM,2019,38
Congo,COG,2000,56.5
Congo,COG,2001,56.4
Congo,COG,2002,56.4
Congo,COG,2003,56.3
Congo,COG,2004,56.2
Congo,COG,2005,56
Congo,COG,2006,55.8
Congo,COG,2007,55.5
Congo,COG,2008,55.2
Congo,COG,2009,54.8
Congo,COG,2010,54.5
Congo,COG,2011,54.1
Congo,COG,2012,53.7
Congo,COG,2013,53.3
Congo,COG,2014,52.9
Congo,COG,2015,52.6
Congo,COG,2016,52.2
Congo,COG,2017,51.7
Congo,COG,2018,51.3
Congo,COG,2019,51
Costa Rica,CRI,2000,19.5
Costa Rica,CRI,2001,19.4
Costa Rica,CRI,2002,19.2
Costa Rica,CRI,2003,19.1
Costa Rica,CRI,2004,18.9
Costa Rica,CRI,2005,18.7
Costa Rica,CRI,2006,18.4
Costa Rica,CRI,2007,18.2
Costa Rica,CRI,2008,17.9
Costa Rica,CRI,2009,17.5
Costa Rica,CRI,2010,17.3
Costa Rica,CRI,2011,17.2
Costa Rica,CRI,2012,17.1
Costa Rica,CRI,2013,17.1
Costa Rica,CRI,2014,17.1
Costa Rica,CRI,2015,17.1
Costa Rica,CRI,2016,17.2
Costa Rica,CRI,2017,17.3
Costa Rica,CRI,2018,17.4
Costa Rica,CRI,2019,17.6
Cote d'Ivoire,CIV,2000,57.6
Cote d'Ivoire,CIV,2001,57.5
Cote d'Ivoire,CIV,2002,57.4
Cote d'Ivoire,CIV,2003,57.3
Cote d'Ivoire,CIV,2004,57.2
Cote d'Ivoire,CIV,2005,57.1
Cote d'Ivoire,CIV,2006,57
Cote d'Ivoire,CIV,2007,56.8
Cote d'Ivoire,CIV,2008,56.6
Cote d'Ivoire,CIV,2009,56.5
Cote d'Ivoire,CIV,2010,56.3
Cote d'Ivoire,CIV,2011,56.1
Cote d'Ivoire,CIV,2012,56
Cote d'Ivoire,CIV,2013,55.8
Cote d'Ivoire,CIV,2014,55.6
Cote d'Ivoire,CIV,2015,55.4
Cote d'Ivoire,CIV,2016,55.2
Cote d'Ivoire,CIV,2017,55
Cote d'Ivoire,CIV,2018,54.7
Cote d'Ivoire,CIV,2019,54.4
Croatia,HRV,2000,25.9
Croatia,HRV,2001,25.6
Croatia,HRV,2002,25.3
Croatia,HRV,2003,25.1
Croatia,HRV,2004,25
Croatia,HRV,2005,24.8
Croatia,HRV,2006,24.6
Croatia,HRV,2007,24.3
Croatia,HRV,2008,24.1
Croatia,HRV,2009,23.8
Croatia,HRV,2010,23.6
Croatia,HRV,2011,23.5
Croatia,HRV,2012,23.4
Croatia,HRV,2013,23.3
Croatia,HRV,2014,23.3
Croatia,HRV,2015,23.2
Croatia,HRV,2016,23.2
Croatia,HRV,2017,23.1
Croatia,HRV,2018,23.2
Croatia,HRV,2019,23.2
Cuba,CUB,2000,29
Cuba,CUB,2001,28.7
Cuba,CUB,2002,28.3
Cuba,CUB,2003,28
Cuba,CUB,2004,27.6
Cuba,CUB,2005,26.9
Cuba,CUB,2006,26.2
Cuba,CUB,2007,25.7
Cuba,CUB,2008,25.2
Cuba,CUB,2009,24.7
Cuba,CUB,2010,24.1
Cuba,CUB,2011,23.7
Cuba,CUB,2012,23.4
Cuba,CUB,2013,23.2
Cuba,CUB,2014,22.9
Cuba,CUB,2015,22.7
Cuba,CUB,2016,22.4
Cuba,CUB,2017,22.3
Cuba,CUB,2018,22.2
Cuba,CUB,2019,22.1
Cyprus,CYP,2000,19.2
Cyprus,CYP,2001,18.8
Cyprus,CYP,2002,18.5
Cyprus,CYP,2003,18.3
Cyprus,CYP,2004,18.1
Cyprus,CYP,2005,18
Cyprus,CYP,2006,17.9
Cyprus,CYP,2007,17.8
Cyprus,CYP,2008,17.7
Cyprus,CYP,2009,17.6
Cyprus,CYP,2010,17.6
Cyprus,CYP,2011,17.6
Cyprus,CYP,2012,17.7
Cyprus,CYP,2013,17.7
Cyprus,CYP,2014,17.8
Cyprus,CYP,2015,18
Cyprus,CYP,2016,18.1
Cyprus,CYP,2017,18.3
Cyprus,CYP,2018,18.4
Cyprus,CYP,2019,18.5
Czechia,CZE,2000,24
Czechia,CZE,2001,23.7
Czechia,CZE,2002,23.4
Czechia,CZE,2003,23.3
Czechia,CZE,2004,23
Czechia,CZE,2005,22.8
Czechia,CZE,2006,22.6
Czechia,CZE,2007,22.5
Czechia,CZE,2008,22.3
Czechia,CZE,2009,22.3
Czechia,CZE,2010,22.3
Czechia,CZE,2011,22.3
Czechia,CZE,2012,22.3
Czechia,CZE,2013,22.4
Czechia,CZE,2014,22.5
Czechia,CZE,2015,22.6
Czechia,CZE,2016,22.6
Czechia,CZE,2017,22.6
Czechia,CZE,2018,22.7
Czechia,CZE,2019,22.7
Democratic Republic of Congo,COD,2000,54.1
Democratic Republic of Congo,COD,2001,54.1
Democratic Republic of Congo,COD,2002,54.2
Democratic Republic of Congo,COD,2003,54.2
Democratic Republic of Congo,COD,2004,54.1
Democratic Republic of Congo,COD,2005,53.9
Democratic Republic of Congo,COD,2006,53.7
Democratic Republic of Congo,COD,2007,53.4
Democratic Republic of Congo,COD,2008,53
Democratic Republic of Congo,COD,2009,52.5
Democratic Republic of Congo,COD,2010,51.9
Democratic Republic of Congo,COD,2011,51.3
Democratic Republic of Congo,COD,2012,50.7
Democratic Republic of Congo,COD,2013,50
Democratic Republic of Congo,COD,2014,49.3
Democratic Republic of Congo,COD,2015,48.6
Democratic Republic of Congo,COD,2016,48.1
Democratic Republic of Congo,COD,2017,47.5
Democratic Republic of Congo,COD,2018,46.9
Democratic Republic of Congo,COD,2019,46.5
Denmark,DNK,2000,17.9
Denmark,DNK,2001,17.7
Denmark,DNK,2002,17.6
Denmark,DNK,2003,17.3
Denmark,DNK,2004,17
Denmark,DNK,2005,16.9
Denmark,DNK,2006,16.8
Denmark,DNK,2007,16.6
Denmark,DNK,2008,16.5
Denmark,DNK,2009,16.4
Denmark,DNK,2010,16.3
Denmark,DNK,2011,16.4
Denmark,DNK,2012,16.5
Denmark,DNK,2013,16.4
Denmark,DNK,2014,16.5
Denmark,DNK,2015,16.5
Denmark,DNK,2016,16.6
Denmark,DNK,2017,16.7
Denmark,DNK,2018,16.7
Denmark,DNK,2019,16.7
Djibouti,DJI,2000,42.6
Djibouti,DJI,2001,42.4
Djibouti,DJI,2002,41.7
Djibouti,DJI,2003,41.1
Djibouti,DJI,2004,40.3
Djibouti,DJI,2005,39.6
Djibouti,DJI,2006,39
Djibouti,DJI,2007,38.7
Djibouti,DJI,2008,38.3
Djibouti,DJI,2009,37.9
Djibouti,DJI,2010,37.6
Djibouti,DJI,2011,37.4
Djibouti,DJI,2012,37.4
Djibouti,DJI,2013,37.3
Djibouti,DJI,2014,37.2
Djibouti,DJI,2015,37.2
Djibouti,DJI,2016,37.2
Djibouti,DJI,2017,37.1
Djibouti,DJI,2018,37.1
Djibouti,DJI,2019,37
Dominica,DMA,2000,30.5
Dominica,DMA,2001,29.7
Dominica,DMA,2002,28.9
Dominica,DMA,2003,28.1
Dominica,DMA,2004,27.5
Dominica,DMA,2005,26.8
Dominica,DMA,2006,26.4
Dominica,DMA,2007,26
Dominica,DMA,2008,25.6
Dominica,DMA,2009,25.2
Dominica,DMA,2010,24.9
Dominica,DMA,2011,24.5
Dominica,DMA,2012,24.2
Dominica,DMA,2013,23.8
Dominica,DMA,2014,23.6
Dominica,DMA,2015,23.5
Dominica,DMA,2016,23.4
Dominica,DMA,2017,23.2
Dominica,DMA,2018,23.3
Dominica,DMA,2019,23.4
Dominican Republic,DOM,2000,36.3
Dominican Republic,DOM,2001,35.9
Dominican Republic,DOM,2002,35.4
Dominican Republic,DOM,2003,34.9
Dominican Republic,DOM,2004,34.3
Dominican Republic,DOM,2005,33.5
Dominican Republic,DOM,2006,32.6
Dominican Republic,DOM,2007,31.7
Dominican Republic,DOM,2008,31
Dominican Republic,DOM,2009,30.5
Dominican Republic,DOM,2010,30.1
Dominican Republic,DOM,2011,29.8
Dominican Republic,DOM,2012,29.4
Dominican Republic,DOM,2013,29.1
Dominican Republic,DOM,2014,29
Dominican Republic,DOM,2015,28.7
Dominican Republic,DOM,2016,28.3
Dominican Republic,DOM,2017,27.9
Dominican Republic,DOM,2018,27.7
Dominican Republic,DOM,2019,27.5
East Asia and Pacific (WB),,2000,33.653725
East Asia and Pacific (WB),,2001,32.95457
East Asia and Pacific (WB),,2002,32.371838
East Asia and Pacific (WB),,2003,31.789175
East Asia and Pacific (WB),,2004,31.186176
East Asia and Pacific (WB),,2005,30.507475
East Asia and Pacific (WB),,2006,29.832872
East Asia and Pacific (WB),,2007,29.136112
East Asia and Pacific (WB),,2008,28.484037
East Asia and Pacific (WB),,2009,27.853626
East Asia and Pacific (WB),,2010,27.259369
East Asia and Pacific (WB),,2011,26.849295
East Asia and Pacific (WB),,2012,26.528856
East Asia and Pacific (WB),,2013,26.33304
East Asia and Pacific (WB),,2014,26.212778
East Asia and Pacific (WB),,2015,26.219685
East Asia and Pacific (WB),,2016,26.32509
East Asia and Pacific (WB),,2017,26.244024
East Asia and Pacific (WB),,2018,26.18048
East Asia and Pacific (WB),,2019,26.185093
East Timor,TLS,2000,37.6
East Timor,TLS,2001,37
East Timor,TLS,2002,36.4
East Timor,TLS,2003,35.8
East Timor,TLS,2004,34.9
East Timor,TLS,2005,34.3
East Timor,TLS,2006,33.7
East Timor,TLS,2007,33.1
East Timor,TLS,2008,32.5
East Timor,TLS,2009,32.4
East Timor,TLS,2010,32.5
East Timor,TLS,2011,32.8
East Timor,TLS,2012,33.2
East Timor,TLS,2013,33.8
East Timor,TLS,2014,34.4
East Timor,TLS,2015,35.1
East Timor,TLS,2016,35.8
East Timor,TLS,2017,36.6
East Timor,TLS,2018,37.3
East Timor,TLS,2019,38
Ecuador,ECU,2000,29.8
Ecuador,ECU,2001,29
Ecuador,ECU,2002,28.3
Ecuador,ECU,2003,27.7
Ecuador,ECU,2004,27
Ecuador,ECU,2005,26.5
Ecuador,ECU,2006,25.8
Ecuador,ECU,2007,25.1
Ecuador,ECU,2008,24.4
Ecuador,ECU,2009,24
Ecuador,ECU,2010,23.5
Ecuador,ECU,2011,22.9
Ecuador,ECU,2012,22.5
Ecuador,ECU,2013,22.2
Ecuador,ECU,2014,22.2
Ecuador,ECU,2015,22.2
Ecuador,ECU,2016,22.1
Ecuador,ECU,2017,22.2
Ecuador,ECU,2018,22.2
Ecuador,ECU,2019,22.3
Egypt,EGY,2000,29.9
Egypt,EGY,2001,29.8
Egypt,EGY,2002,29.9
Egypt,EGY,2003,30
Egypt,EGY,2004,29.8
Egypt,EGY,2005,29.7
Egypt,EGY,2006,29.6
Egypt,EGY,2007,29.5
Egypt,EGY,2008,29.3
Egypt,EGY,2009,28.8
Egypt,EGY,2010,28.5
Egypt,EGY,2011,28.1
Egypt,EGY,2012,28
Egypt,EGY,2013,28.1
Egypt,EGY,2014,27.8
Egypt,EGY,2015,27.1
Egypt,EGY,2016,26.7
Egypt,EGY,2017,26.4
Egypt,EGY,2018,26.2
Egypt,EGY,2019,26
El Salvador,SLV,2000,16.1
El Salvador,SLV,2001,15.9
El Salvador,SLV,2002,15.8
El Salvador,SLV,2003,15.7
El Salvador,SLV,2004,15.6
El Salvador,SLV,2005,15.5
El Salvador,SLV,2006,15.4
El Salvador,SLV,2007,15.3
El Salvador,SLV,2008,15.2
El Salvador,SLV,2009,15.2
El Salvador,SLV,2010,15.1
El Salvador,SLV,2011,15.1
El Salvador,SLV,2012,15.1
El Salvador,SLV,2013,15.2
El Salvador,SLV,2014,15.2
El Salvador,SLV,2015,15.3
El Salvador,SLV,2016,15.4
El Salvador,SLV,2017,15.5
El Salvador,SLV,2018,15.7
El Salvador,SLV,2019,15.9
Equatorial Guinea,GNQ,2000,56.9
Equatorial Guinea,GNQ,2001,56.5
Equatorial Guinea,GNQ,2002,56.2
Equatorial Guinea,GNQ,2003,55.8
Equatorial Guinea,GNQ,2004,55.4
Equatorial Guinea,GNQ,2005,55
Equatorial Guinea,GNQ,2006,54.5
Equatorial Guinea,GNQ,2007,54
Equatorial Guinea,GNQ,2008,53.5
Equatorial Guinea,GNQ,2009,53
Equatorial Guinea,GNQ,2010,52.5
Equatorial Guinea,GNQ,2011,51.9
Equatorial Guinea,GNQ,2012,51.4
Equatorial Guinea,GNQ,2013,50.9
Equatorial Guinea,GNQ,2014,50.4
Equatorial Guinea,GNQ,2015,49.9
Equatorial Guinea,GNQ,2016,49.4
Equatorial Guinea,GNQ,2017,49
Equatorial Guinea,GNQ,2018,48.5
Equatorial Guinea,GNQ,2019,48.1
Eritrea,ERI,2000,45
Eritrea,ERI,2001,44.7
Eritrea,ERI,2002,44.4
Eritrea,ERI,2003,44.2
Eritrea,ERI,2004,43.9
Eritrea,ERI,2005,43.6
Eritrea,ERI,2006,43.2
Eritrea,ERI,2007,42.8
Eritrea,ERI,2008,42.4
Eritrea,ERI,2009,42
Eritrea,ERI,2010,41.7
Eritrea,ERI,2011,41.5
Eritrea,ERI,2012,41.3
Eritrea,ERI,2013,41.2
Eritrea,ERI,2014,41.1
Eritrea,ERI,2015,41
Eritrea,ERI,2016,41
Eritrea,ERI,2017,40.9
Eritrea,ERI,2018,40.8
Eritrea,ERI,2019,40.8
Estonia,EST,2000,25.8
Estonia,EST,2001,25.5
Estonia,EST,2002,25.3
Estonia,EST,2003,25.1
Estonia,EST,2004,24.8
Estonia,EST,2005,24.5
Estonia,EST,2006,24.3
Estonia,EST,2007,23.9
Estonia,EST,2008,23.5
Estonia,EST,2009,23.3
Estonia,EST,2010,23.2
Estonia,EST,2011,23.1
Estonia,EST,2012,23.1
Estonia,EST,2013,23
Estonia,EST,2014,23.1
Estonia,EST,2015,23.1
Estonia,EST,2016,23.1
Estonia,EST,2017,23.1
Estonia,EST,2018,23.2
Estonia,EST,2019,23.3
Eswatini,SWZ,2000,35.2
Eswatini,SWZ,2001,34.8
Eswatini,SWZ,2002,34.5
Eswatini,SWZ,2003,34.3
Eswatini,SWZ,2004,34.1
Eswatini,SWZ,2005,33.9
Eswatini,SWZ,2006,33.7
Eswatini,SWZ,2007,33.6
Eswatini,SWZ,2008,33.6
Eswatini,SWZ,2009,33.4
Eswatini,SWZ,2010,33.2
Eswatini,SWZ,2011,33
Eswatini,SWZ,2012,32.8
Eswatini,SWZ,2013,32.6
Eswatini,SWZ,2014,32.5
Eswatini,SWZ,2015,32.4
Eswatini,SWZ,2016,32.3
Eswatini,SWZ,2017,32.2
Eswatini,SWZ,2018,32.2
Eswatini,SWZ,2019,32.2
Ethiopia,ETH,2000,36.8
Ethiopia,ETH,2001,36.4
Ethiopia,ETH,2002,35.8
Ethiopia,ETH,2003,35.4
Ethiopia,ETH,2004,34.7
Ethiopia,ETH,2005,33.8
Ethiopia,ETH,2006,33
Ethiopia,ETH,2007,32
Ethiopia,ETH,2008,30.9
Ethiopia,ETH,2009,29.9
Ethiopia,ETH,2010,29.2
Ethiopia,ETH,2011,28.6
Ethiopia,ETH,2012,28.3
Ethiopia,ETH,2013,28.1
Ethiopia,ETH,2014,28.1
Ethiopia,ETH,2015,28.3
Ethiopia,ETH,2016,28.4
Ethiopia,ETH,2017,28.5
Ethiopia,ETH,2018,28.8
Ethiopia,ETH,2019,29
Europe and Central Asia (WB),,2000,23.896425
Europe and Central Asia (WB),,2001,23.603724
Europe and Central Asia (WB),,2002,23.384426
Europe and Central Asia (WB),,2003,23.203352
Europe and Central Asia (WB),,2004,22.985567
Europe and Central Asia (WB),,2005,22.802242
Europe and Central Asia (WB),,2006,22.668234
Europe and Central Asia (WB),,2007,22.537657
Europe and Central Asia (WB),,2008,22.384123
Europe and Central Asia (WB),,2009,22.25667
Europe and Central Asia (WB),,2010,22.15409
Europe and Central Asia (WB),,2011,22.144022
Europe and Central Asia (WB),,2012,22.182707
Europe and Central Asia (WB),,2013,22.245918
Europe and Central Asia (WB),,2014,22.31938
Europe and Central Asia (WB),,2015,22.392107
Europe and Central Asia (WB),,2016,22.529066
Europe and Central Asia (WB),,2017,22.636278
Europe and Central Asia (WB),,2018,22.739437
Europe and Central Asia (WB),,2019,22.828262
European Union (27),,2000,18.663696
European Union (27),,2001,18.380215
European Union (27),,2002,18.193697
European Union (27),,2003,18.098871
European Union (27),,2004,18.003716
European Union (27),,2005,17.933422
European Union (27),,2006,17.860073
European Union (27),,2007,17.806814
European Union (27),,2008,17.721022
European Union (27),,2009,17.669764
European Union (27),,2010,17.58523
European Union (27),,2011,17.612684
European Union (27),,2012,17.645256
European Union (27),,2013,17.73886
European Union (27),,2014,17.833662
European Union (27),,2015,17.961617
European Union (27),,2016,18.10187
European Union (27),,2017,18.241007
European Union (27),,2018,18.373428
European Union (27),,2019,18.494173
Fiji,FJI,2000,46.1
Fiji,FJI,2001,45.9
Fiji,FJI,2002,45.8
Fiji,FJI,2003,45.6
Fiji,FJI,2004,45.5
Fiji,FJI,2005,45.3
Fiji,FJI,2006,45.1
Fiji,FJI,2007,44.8
Fiji,FJI,2008,44.5
Fiji,FJI,2009,44.3
Fiji,FJI,2010,44
Fiji,FJI,2011,43.8
Fiji,FJI,2012,43.5
Fiji,FJI,2013,43.2
Fiji,FJI,2014,42.9
Fiji,FJI,2015,42.6
Fiji,FJI,2016,42.4
Fiji,FJI,2017,42.1
Fiji,FJI,2018,41.7
Fiji,FJI,2019,41.4
Finland,FIN,2000,16.9
Finland,FIN,2001,16.6
Finland,FIN,2002,16.3
Finland,FIN,2003,16.1
Finland,FIN,2004,15.9
Finland,FIN,2005,15.7
Finland,FIN,2006,15.5
Finland,FIN,2007,15.4
Finland,FIN,2008,15.3
Finland,FIN,2009,15.2
Finland,FIN,2010,15.2
Finland,FIN,2011,15.2
Finland,FIN,2012,15.3
Finland,FIN,2013,15.4
Finland,FIN,2014,15.5
Finland,FIN,2015,15.6
Finland,FIN,2016,15.8
Finland,FIN,2017,16
Finland,FIN,2018,16.1
Finland,FIN,2019,16.3
France,FRA,2000,14.8
France,FRA,2001,14.6
France,FRA,2002,14.5
France,FRA,2003,14.5
France,FRA,2004,14.6
France,FRA,2005,14.6
France,FRA,2006,14.6
France,FRA,2007,14.6
France,FRA,2008,14.6
France,FRA,2009,14.6
France,FRA,2010,14.5
France,FRA,2011,14.6
France,FRA,2012,14.7
France,FRA,2013,14.9
France,FRA,2014,15.1
France,FRA,2015,15.3
France,FRA,2016,15.5
France,FRA,2017,15.8
France,FRA,2018,16
France,FRA,2019,16.2
Gabon,GAB,2000,57.4
Gabon,GAB,2001,57.4
Gabon,GAB,2002,57.3
Gabon,GAB,2003,57.2
Gabon,GAB,2004,57
Gabon,GAB,2005,56.9
Gabon,GAB,2006,56.7
Gabon,GAB,2007,56.4
Gabon,GAB,2008,56.2
Gabon,GAB,2009,55.9
Gabon,GAB,2010,55.7
Gabon,GAB,2011,55.3
Gabon,GAB,2012,55
Gabon,GAB,2013,54.6
Gabon,GAB,2014,54.3
Gabon,GAB,2015,54
Gabon,GAB,2016,53.6
Gabon,GAB,2017,53.2
Gabon,GAB,2018,52.8
Gabon,GAB,2019,52.5
Gambia,GMB,2000,61.1
Gambia,GMB,2001,61
Gambia,GMB,2002,60.9
Gambia,GMB,2003,60.8
Gambia,GMB,2004,60.7
Gambia,GMB,2005,60.5
Gambia,GMB,2006,60.3
Gambia,GMB,2007,60.1
Gambia,GMB,2008,59.8
Gambia,GMB,2009,59.5
Gambia,GMB,2010,59.2
Gambia,GMB,2011,58.9
Gambia,GMB,2012,58.5
Gambia,GMB,2013,58.1
Gambia,GMB,2014,57.7
Gambia,GMB,2015,57.3
Gambia,GMB,2016,56.8
Gambia,GMB,2017,56.2
Gambia,GMB,2018,55.7
Gambia,GMB,2019,55.1
Georgia,GEO,2000,29.9
Georgia,GEO,2001,29.7
Georgia,GEO,2002,29.4
Georgia,GEO,2003,29.2
Georgia,GEO,2004,28.7
Georgia,GEO,2005,28.6
Georgia,GEO,2006,28.6
Georgia,GEO,2007,28.4
Georgia,GEO,2008,28.3
Georgia,GEO,2009,28.3
Georgia,GEO,2010,28.1
Georgia,GEO,2011,27.9
Georgia,GEO,2012,27.8
Georgia,GEO,2013,27.8
Georgia,GEO,2014,27.8
Georgia,GEO,2015,27.8
Georgia,GEO,2016,27.7
Georgia,GEO,2017,27.7
Georgia,GEO,2018,27.8
Georgia,GEO,2019,28
Germany,DEU,2000,16.2
Germany,DEU,2001,15.9
Germany,DEU,2002,15.7
Germany,DEU,2003,15.6
Germany,DEU,2004,15.4
Germany,DEU,2005,15.3
Germany,DEU,2006,15.2
Germany,DEU,2007,15.1
Germany,DEU,2008,15
Germany,DEU,2009,15
Germany,DEU,2010,14.9
Germany,DEU,2011,15
Germany,DEU,2012,15
Germany,DEU,2013,15.2
Germany,DEU,2014,15.3
Germany,DEU,2015,15.6
Germany,DEU,2016,15.8
Germany,DEU,2017,16
Germany,DEU,2018,16.3
Germany,DEU,2019,16.5
Ghana,GHA,2000,55.2
Ghana,GHA,2001,55.2
Ghana,GHA,2002,55.3
Ghana,GHA,2003,55.3
Ghana,GHA,2004,55.2
Ghana,GHA,2005,55.1
Ghana,GHA,2006,54.9
Ghana,GHA,2007,54.7
Ghana,GHA,2008,54.3
Ghana,GHA,2009,54
Ghana,GHA,2010,53.5
Ghana,GHA,2011,53
Ghana,GHA,2012,52.5
Ghana,GHA,2013,52
Ghana,GHA,2014,51.4
Ghana,GHA,2015,50.8
Ghana,GHA,2016,50
Ghana,GHA,2017,49
Ghana,GHA,2018,48.1
Ghana,GHA,2019,47.2
Greece,GRC,2000,20.2
Greece,GRC,2001,19.8
Greece,GRC,2002,19.5
Greece,GRC,2003,19.3
Greece,GRC,2004,19.2
Greece,GRC,2005,19.1
Greece,GRC,2006,19
Greece,GRC,2007,18.9
Greece,GRC,2008,18.9
Greece,GRC,2009,18.8
Greece,GRC,2010,18.8
Greece,GRC,2011,18.8
Greece,GRC,2012,19
Greece,GRC,2013,19.1
Greece,GRC,2014,19.4
Greece,GRC,2015,19.6
Greece,GRC,2016,19.8
Greece,GRC,2017,20
Greece,GRC,2018,20.2
Greece,GRC,2019,20.3
Grenada,GRD,2000,27
Grenada,GRD,2001,26.6
Grenada,GRD,2002,26.2
Grenada,GRD,2003,25.7
Grenada,GRD,2004,25.4
Grenada,GRD,2005,25
Grenada,GRD,2006,24.6
Grenada,GRD,2007,24.2
Grenada,GRD,2008,23.8
Grenada,GRD,2009,23.6
Grenada,GRD,2010,23.4
Grenada,GRD,2011,23.1
Grenada,GRD,2012,22.9
Grenada,GRD,2013,22.8
Grenada,GRD,2014,22.7
Grenada,GRD,2015,22.6
Grenada,GRD,2016,22.6
Grenada,GRD,2017,22.5
Grenada,GRD,2018,22.5
Grenada,GRD,2019,22.5
Guatemala,GTM,2000,27.1
Guatemala,GTM,2001,26.2
Guatemala,GTM,2002,25.3
Guatemala,GTM,2003,24.8
Guatemala,GTM,2004,24
Guatemala,GTM,2005,23.1
Guatemala,GTM,2006,22.2
Guatemala,GTM,2007,21.5
Guatemala,GTM,2008,20.6
Guatemala,GTM,2009,19.7
Guatemala,GTM,2010,18.8
Guatemala,GTM,2011,17.8
Guatemala,GTM,2012,17
Guatemala,GTM,2013,16.1
Guatemala,GTM,2014,15.3
Guatemala,GTM,2015,14.7
Guatemala,GTM,2016,14.1
Guatemala,GTM,2017,13.5
Guatemala,GTM,2018,13
Guatemala,GTM,2019,12.7
Guinea,GIN,2000,59
Guinea,GIN,2001,58.9
Guinea,GIN,2002,58.8
Guinea,GIN,2003,58.6
Guinea,GIN,2004,58.5
Guinea,GIN,2005,58.3
Guinea,GIN,2006,58
Guinea,GIN,2007,57.8
Guinea,GIN,2008,57.5
Guinea,GIN,2009,57.1
Guinea,GIN,2010,56.8
Guinea,GIN,2011,56.5
Guinea,GIN,2012,56.1
Guinea,GIN,2013,55.8
Guinea,GIN,2014,55.4
Guinea,GIN,2015,55
Guinea,GIN,2016,54.6
Guinea,GIN,2017,54.1
Guinea,GIN,2018,53.6
Guinea,GIN,2019,53
Guinea-Bissau,GNB,2000,56.6
Guinea-Bissau,GNB,2001,56.5
Guinea-Bissau,GNB,2002,56.4
Guinea-Bissau,GNB,2003,56.3
Guinea-Bissau,GNB,2004,56.1
Guinea-Bissau,GNB,2005,55.9
Guinea-Bissau,GNB,2006,55.8
Guinea-Bissau,GNB,2007,55.5
Guinea-Bissau,GNB,2008,55.3
Guinea-Bissau,GNB,2009,55
Guinea-Bissau,GNB,2010,54.7
Guinea-Bissau,GNB,2011,54.4
Guinea-Bissau,GNB,2012,54.2
Guinea-Bissau,GNB,2013,53.9
Guinea-Bissau,GNB,2014,53.7
Guinea-Bissau,GNB,2015,53.4
Guinea-Bissau,GNB,2016,53.2
Guinea-Bissau,GNB,2017,52.9
Guinea-Bissau,GNB,2018,52.6
Guinea-Bissau,GNB,2019,52.3
Guyana,GUY,2000,38.3
Guyana,GUY,2001,37.9
Guyana,GUY,2002,37.5
Guyana,GUY,2003,37.3
Guyana,GUY,2004,37.3
Guyana,GUY,2005,37
Guyana,GUY,2006,36.7
Guyana,GUY,2007,36.4
Guyana,GUY,2008,36
Guyana,GUY,2009,35.6
Guyana,GUY,2010,35.2
Guyana,GUY,2011,34.9
Guyana,GUY,2012,34.6
Guyana,GUY,2013,34.3
Guyana,GUY,2014,34
Guyana,GUY,2015,33.7
Guyana,GUY,2016,33.5
Guyana,GUY,2017,33.3
Guyana,GUY,2018,33.1
Guyana,GUY,2019,33
Haiti,HTI,2000,54.1
Haiti,HTI,2001,53.8
Haiti,HTI,2002,53.4
Haiti,HTI,2003,53.1
Haiti,HTI,2004,52.8
Haiti,HTI,2005,52.4
Haiti,HTI,2006,52
Haiti,HTI,2007,51.6
Haiti,HTI,2008,51.2
Haiti,HTI,2009,50.8
Haiti,HTI,2010,50.4
Haiti,HTI,2011,50.1
Haiti,HTI,2012,49.9
Haiti,HTI,2013,49.6
Haiti,HTI,2014,49.4
Haiti,HTI,2015,49.3
Haiti,HTI,2016,49.1
Haiti,HTI,2017,49
Haiti,HTI,2018,48.9
Haiti,HTI,2019,48.7
High-income countries,,2000,17.220812
High-income countries,,2001,16.890684
High-income countries,,2002,16.648138
High-income countries,,2003,16.489403
High-income countries,,2004,16.353996
High-income countries,,2005,16.283752
High-income countries,,2006,16.211664
High-income countries,,2007,16.207357
High-income countries,,2008,16.14976
High-income countries,,2009,16.152973
High-income countries,,2010,16.159153
High-income countries,,2011,16.216663
High-income countries,,2012,16.276133
High-income countries,,2013,16.30502
High-income countries,,2014,16.401821
High-income countries,,2015,16.453228
High-income countries,,2016,16.573956
High-income countries,,2017,16.646694
High-income countries,,2018,16.735971
High-income countries,,2019,16.846874
Honduras,HND,2000,26
Honduras,HND,2001,25.5
Honduras,HND,2002,24.9
Honduras,HND,2003,24.5
Honduras,HND,2004,24.1
Honduras,HND,2005,23.6
Honduras,HND,2006,23.3
Honduras,HND,2007,22.9
Honduras,HND,2008,22.6
Honduras,HND,2009,22.3
Honduras,HND,2010,22
Honduras,HND,2011,21.9
Honduras,HND,2012,21.8
Honduras,HND,2013,21.7
Honduras,HND,2014,21.6
Honduras,HND,2015,21.6
Honduras,HND,2016,21.6
Honduras,HND,2017,21.6
Honduras,HND,2018,21.6
Honduras,HND,2019,21.7
Hungary,HUN,2000,24.4
Hungary,HUN,2001,24
Hungary,HUN,2002,23.8
Hungary,HUN,2003,23.6
Hungary,HUN,2004,23.5
Hungary,HUN,2005,23.4
Hungary,HUN,2006,23.3
Hungary,HUN,2007,23.2
Hungary,HUN,2008,23.1
Hungary,HUN,2009,23
Hungary,HUN,2010,23
Hungary,HUN,2011,23
Hungary,HUN,2012,22.9
Hungary,HUN,2013,22.9
Hungary,HUN,2014,22.9
Hungary,HUN,2015,22.8
Hungary,HUN,2016,22.7
Hungary,HUN,2017,22.5
Hungary,HUN,2018,22.5
Hungary,HUN,2019,22.5
Iceland,ISL,2000,16.3
Iceland,ISL,2001,15.8
Iceland,ISL,2002,15.4
Iceland,ISL,2003,15.2
Iceland,ISL,2004,15
Iceland,ISL,2005,14.9
Iceland,ISL,2006,14.8
Iceland,ISL,2007,14.8
Iceland,ISL,2008,14.7
Iceland,ISL,2009,14.6
Iceland,ISL,2010,14.5
Iceland,ISL,2011,14.6
Iceland,ISL,2012,14.6
Iceland,ISL,2013,14.7
Iceland,ISL,2014,14.7
Iceland,ISL,2015,14.7
Iceland,ISL,2016,14.8
Iceland,ISL,2017,15
Iceland,ISL,2018,15.1
Iceland,ISL,2019,15.3
India,IND,2000,53.7
India,IND,2001,53.5
India,IND,2002,53.4
India,IND,2003,53.3
India,IND,2004,53.2
India,IND,2005,53
India,IND,2006,52.8
India,IND,2007,52.6
India,IND,2008,52.4
India,IND,2009,52.1
India,IND,2010,51.9
India,IND,2011,51.7
India,IND,2012,51.4
India,IND,2013,51.2
India,IND,2014,50.9
India,IND,2015,50.6
India,IND,2016,50.4
India,IND,2017,50.4
India,IND,2018,50.2
India,IND,2019,50.1
Indonesia,IDN,2000,43.4
Indonesia,IDN,2001,42.9
Indonesia,IDN,2002,42.5
Indonesia,IDN,2003,42.1
Indonesia,IDN,2004,41.7
Indonesia,IDN,2005,41.3
Indonesia,IDN,2006,40.9
Indonesia,IDN,2007,40.6
Indonesia,IDN,2008,40.4
Indonesia,IDN,2009,40.2
Indonesia,IDN,2010,40.2
Indonesia,IDN,2011,40.3
Indonesia,IDN,2012,40.6
Indonesia,IDN,2013,41
Indonesia,IDN,2014,41.5
Indonesia,IDN,2015,42.1
Indonesia,IDN,2016,42.7
Indonesia,IDN,2017,43.2
Indonesia,IDN,2018,43.7
Indonesia,IDN,2019,44.2
Iran,IRN,2000,29.8
Iran,IRN,2001,28.6
Iran,IRN,2002,28
Iran,IRN,2003,27.3
Iran,IRN,2004,26.7
Iran,IRN,2005,26.1
Iran,IRN,2006,25.6
Iran,IRN,2007,25.3
Iran,IRN,2008,24.8
Iran,IRN,2009,24.5
Iran,IRN,2010,24.3
Iran,IRN,2011,24.1
Iran,IRN,2012,24
Iran,IRN,2013,23.9
Iran,IRN,2014,23.9
Iran,IRN,2015,23.7
Iran,IRN,2016,23.7
Iran,IRN,2017,23.7
Iran,IRN,2018,23.7
Iran,IRN,2019,23.8
Iraq,IRQ,2000,40.2
Iraq,IRQ,2001,39.6
Iraq,IRQ,2002,39.1
Iraq,IRQ,2003,38.8
Iraq,IRQ,2004,38.3
Iraq,IRQ,2005,37.8
Iraq,IRQ,2006,37.1
Iraq,IRQ,2007,36.3
Iraq,IRQ,2008,35.6
Iraq,IRQ,2009,34.9
Iraq,IRQ,2010,34.2
Iraq,IRQ,2011,33.5
Iraq,IRQ,2012,32.9
Iraq,IRQ,2013,32.4
Iraq,IRQ,2014,31.9
Iraq,IRQ,2015,31.6
Iraq,IRQ,2016,31.3
Iraq,IRQ,2017,31.1
Iraq,IRQ,2018,30.9
Iraq,IRQ,2019,30.9
Ireland,IRL,2000,17.5
Ireland,IRL,2001,17.1
Ireland,IRL,2002,16.8
Ireland,IRL,2003,16.6
Ireland,IRL,2004,16.4
Ireland,IRL,2005,16.4
Ireland,IRL,2006,16.3
Ireland,IRL,2007,16.4
Ireland,IRL,2008,16.4
Ireland,IRL,2009,16.4
Ireland,IRL,2010,16.4
Ireland,IRL,2011,16.5
Ireland,IRL,2012,16.5
Ireland,IRL,2013,16.5
Ireland,IRL,2014,16.6
Ireland,IRL,2015,16.6
Ireland,IRL,2016,16.7
Ireland,IRL,2017,16.8
Ireland,IRL,2018,16.9
Ireland,IRL,2019,17
Israel,ISR,2000,19.5
Israel,ISR,2001,18.9
Israel,ISR,2002,18.4
Israel,ISR,2003,18
Israel,ISR,2004,17.7
Israel,ISR,2005,17.5
Israel,ISR,2006,17.4
Israel,ISR,2007,17.3
Israel,ISR,2008,17.3
Israel,ISR,2009,17.3
Israel,ISR,2010,17.3
Israel,ISR,2011,17.4
Israel,ISR,2012,17.5
Israel,ISR,2013,17.5
Israel,ISR,2014,17.6
Israel,ISR,2015,17.7
Israel,ISR,2016,17.9
Israel,ISR,2017,18
Israel,ISR,2018,18.1
Israel,ISR,2019,18.3
Italy,ITA,2000,19
Italy,ITA,2001,18.7
Italy,ITA,2002,18.5
Italy,ITA,2003,18.4
Italy,ITA,2004,18.3
Italy,ITA,2005,18.2
Italy,ITA,2006,18.1
Italy,ITA,2007,18.1
Italy,ITA,2008,18
Italy,ITA,2009,18
Italy,ITA,2010,18
Italy,ITA,2011,18.1
Italy,ITA,2012,18.2
Italy,ITA,2013,18.4
Italy,ITA,2014,18.6
Italy,ITA,2015,18.7
Italy,ITA,2016,18.9
Italy,ITA,2017,19
Italy,ITA,2018,19.1
Italy,ITA,2019,19.2
Jamaica,JAM,2000,27.1
Jamaica,JAM,2001,26.5
Jamaica,JAM,2002,26
Jamaica,JAM,2003,25.7
Jamaica,JAM,2004,25.5
Jamaica,JAM,2005,25.1
Jamaica,JAM,2006,24.7
Jamaica,JAM,2007,24.4
Jamaica,JAM,2008,24
Jamaica,JAM,2009,23.7
Jamaica,JAM,2010,23.4
Jamaica,JAM,2011,23.2
Jamaica,JAM,2012,22.9
Jamaica,JAM,2013,22.8
Jamaica,JAM,2014,22.7
Jamaica,JAM,2015,22.7
Jamaica,JAM,2016,22.7
Jamaica,JAM,2017,22.7
Jamaica,JAM,2018,22.7
Jamaica,JAM,2019,22.8
Japan,JPN,2000,26.2
Japan,JPN,2001,25.9
Japan,JPN,2002,25.7
Japan,JPN,2003,25.5
Japan,JPN,2004,25.3
Japan,JPN,2005,25.2
Japan,JPN,2006,25.1
Japan,JPN,2007,25
Japan,JPN,2008,24.8
Japan,JPN,2009,24.7
Japan,JPN,2010,24.6
Japan,JPN,2011,24.5
Japan,JPN,2012,24.4
Japan,JPN,2013,24.2
Japan,JPN,2014,24.1
Japan,JPN,2015,23.9
Japan,JPN,2016,23.8
Japan,JPN,2017,23.7
Japan,JPN,2018,23.5
Japan,JPN,2019,23.4
Jordan,JOR,2000,33.2
Jordan,JOR,2001,32.9
Jordan,JOR,2002,32.6
Jordan,JOR,2003,32.5
Jordan,JOR,2004,32.2
Jordan,JOR,2005,31.9
Jordan,JOR,2006,31.8
Jordan,JOR,2007,31.6
Jordan,JOR,2008,31.5
Jordan,JOR,2009,31.3
Jordan,JOR,2010,31.2
Jordan,JOR,2011,31.3
Jordan,JOR,2012,31.5
Jordan,JOR,2013,31.7
Jordan,JOR,2014,32
Jordan,JOR,2015,32.3
Jordan,JOR,2016,32.7
Jordan,JOR,2017,33.1
Jordan,JOR,2018,33.4
Jordan,JOR,2019,33.7
Kazakhstan,KAZ,2000,36.9
Kazakhstan,KAZ,2001,36.4
Kazakhstan,KAZ,2002,35.8
Kazakhstan,KAZ,2003,35.2
Kazakhstan,KAZ,2004,34.6
Kazakhstan,KAZ,2005,34
Kazakhstan,KAZ,2006,33.5
Kazakhstan,KAZ,2007,32.9
Kazakhstan,KAZ,2008,32.3
Kazakhstan,KAZ,2009,31.8
Kazakhstan,KAZ,2010,31.5
Kazakhstan,KAZ,2011,31.4
Kazakhstan,KAZ,2012,31.3
Kazakhstan,KAZ,2013,31.3
Kazakhstan,KAZ,2014,31.3
Kazakhstan,KAZ,2015,31.3
Kazakhstan,KAZ,2016,31.3
Kazakhstan,KAZ,2017,31.4
Kazakhstan,KAZ,2018,31.4
Kazakhstan,KAZ,2019,31.4
Kenya,KEN,2000,47.3
Kenya,KEN,2001,46.8
Kenya,KEN,2002,46.3
Kenya,KEN,2003,45.7
Kenya,KEN,2004,45.1
Kenya,KEN,2005,44.5
Kenya,KEN,2006,43.8
Kenya,KEN,2007,43.1
Kenya,KEN,2008,42.4
Kenya,KEN,2009,41.8
Kenya,KEN,2010,41.3
Kenya,KEN,2011,40.9
Kenya,KEN,2012,40.7
Kenya,KEN,2013,40.6
Kenya,KEN,2014,40.5
Kenya,KEN,2015,40.5
Kenya,KEN,2016,40.4
Kenya,KEN,2017,40.4
Kenya,KEN,2018,40.3
Kenya,KEN,2019,40.3
Kiribati,KIR,2000,43.6
Kiribati,KIR,2001,43.4
Kiribati,KIR,2002,43.3
Kiribati,KIR,2003,43.1
Kiribati,KIR,2004,43
Kiribati,KIR,2005,42.9
Kiribati,KIR,2006,42.9
Kiribati,KIR,2007,42.9
Kiribati,KIR,2008,42.9
Kiribati,KIR,2009,43
Kiribati,KIR,2010,43
Kiribati,KIR,2011,43
Kiribati,KIR,2012,43
Kiribati,KIR,2013,42.9
Kiribati,KIR,2014,42.9
Kiribati,KIR,2015,42.8
Kiribati,KIR,2016,42.5
Kiribati,KIR,2017,42.3
Kiribati,KIR,2018,42
Kiribati,KIR,2019,41.7
Kuwait,KWT,2000,25.4
Kuwait,KWT,2001,24.9
Kuwait,KWT,2002,24.5
Kuwait,KWT,2003,24.2
Kuwait,KWT,2004,23.8
Kuwait,KWT,2005,23.4
Kuwait,KWT,2006,22.7
Kuwait,KWT,2007,22.3
Kuwait,KWT,2008,22.1
Kuwait,KWT,2009,22.2
Kuwait,KWT,2010,22.2
Kuwait,KWT,2011,22.4
Kuwait,KWT,2012,22.6
Kuwait,KWT,2013,22.9
Kuwait,KWT,2014,23.1
Kuwait,KWT,2015,23.2
Kuwait,KWT,2016,23.3
Kuwait,KWT,2017,23.5
Kuwait,KWT,2018,23.6
Kuwait,KWT,2019,23.7
Kyrgyzstan,KGZ,2000,37.7
Kyrgyzstan,KGZ,2001,37.5
Kyrgyzstan,KGZ,2002,37.4
Kyrgyzstan,KGZ,2003,37.3
Kyrgyzstan,KGZ,2004,37.1
Kyrgyzstan,KGZ,2005,37.1
Kyrgyzstan,KGZ,2006,37.1
Kyrgyzstan,KGZ,2007,36.9
Kyrgyzstan,KGZ,2008,36.7
Kyrgyzstan,KGZ,2009,36.6
Kyrgyzstan,KGZ,2010,36.5
Kyrgyzstan,KGZ,2011,36.3
Kyrgyzstan,KGZ,2012,36.4
Kyrgyzstan,KGZ,2013,36.4
Kyrgyzstan,KGZ,2014,36.5
Kyrgyzstan,KGZ,2015,36.6
Kyrgyzstan,KGZ,2016,36.5
Kyrgyzstan,KGZ,2017,36.4
Kyrgyzstan,KGZ,2018,36.4
Kyrgyzstan,KGZ,2019,36.3
Laos,LAO,2000,50.5
Laos,LAO,2001,50.2
Laos,LAO,2002,49.9
Laos,LAO,2003,49.6
Laos,LAO,2004,49.3
Laos,LAO,2005,49
Laos,LAO,2006,48.6
Laos,LAO,2007,48.2
Laos,LAO,2008,47.9
Laos,LAO,2009,47.5
Laos,LAO,2010,47.3
Laos,LAO,2011,47.1
Laos,LAO,2012,46.9
Laos,LAO,2013,46.9
Laos,LAO,2014,46.9
Laos,LAO,2015,46.9
Laos,LAO,2016,46.9
Laos,LAO,2017,47
Laos,LAO,2018,47
Laos,LAO,2019,47
Latin America and Caribbean (WB),,2000,28.546986
Latin America and Caribbean (WB),,2001,28.155626
Latin America and Caribbean (WB),,2002,27.873201
Latin America and Caribbean (WB),,2003,27.638212
Latin America and Caribbean (WB),,2004,27.301512
Latin America and Caribbean (WB),,2005,26.846472
Latin America and Caribbean (WB),,2006,26.358858
Latin America and Caribbean (WB),,2007,25.799274
Latin America and Caribbean (WB),,2008,25.206865
Latin America and Caribbean (WB),,2009,24.610573
Latin America and Caribbean (WB),,2010,24.047998
Latin America and Caribbean (WB),,2011,23.56434
Latin America and Caribbean (WB),,2012,23.133366
Latin America and Caribbean (WB),,2013,22.773733
Latin America and Caribbean (WB),,2014,22.50715
Latin America and Caribbean (WB),,2015,22.267868
Latin America and Caribbean (WB),,2016,22.068819
Latin America and Caribbean (WB),,2017,21.969051
Latin America and Caribbean (WB),,2018,21.880396
Latin America and Caribbean (WB),,2019,21.850145
Latvia,LVA,2000,27.4
Latvia,LVA,2001,27
Latvia,LVA,2002,26.6
Latvia,LVA,2003,26.1
Latvia,LVA,2004,25.6
Latvia,LVA,2005,25.1
Latvia,LVA,2006,24.6
Latvia,LVA,2007,24.2
Latvia,LVA,2008,23.7
Latvia,LVA,2009,23.4
Latvia,LVA,2010,23.2
Latvia,LVA,2011,23.2
Latvia,LVA,2012,23.2
Latvia,LVA,2013,23.1
Latvia,LVA,2014,23.2
Latvia,LVA,2015,23.3
Latvia,LVA,2016,23.3
Latvia,LVA,2017,23.2
Latvia,LVA,2018,23.2
Latvia,LVA,2019,23.2
Lebanon,LBN,2000,29.7
Lebanon,LBN,2001,29.5
Lebanon,LBN,2002,29.2
Lebanon,LBN,2003,29
Lebanon,LBN,2004,28.9
Lebanon,LBN,2005,28.7
Lebanon,LBN,2006,28.4
Lebanon,LBN,2007,28.2
Lebanon,LBN,2008,27.9
Lebanon,LBN,2009,27.7
Lebanon,LBN,2010,27.4
Lebanon,LBN,2011,27.3
Lebanon,LBN,2012,27.2
Lebanon,LBN,2013,27.3
Lebanon,LBN,2014,27.3
Lebanon,LBN,2015,27.4
Lebanon,LBN,2016,27.5
Lebanon,LBN,2017,27.6
Lebanon,LBN,2018,27.7
Lebanon,LBN,2019,27.7
Lesotho,LSO,2000,36.6
Lesotho,LSO,2001,36.2
Lesotho,LSO,2002,36
Lesotho,LSO,2003,35.7
Lesotho,LSO,2004,35.5
Lesotho,LSO,2005,35.2
Lesotho,LSO,2006,35
Lesotho,LSO,2007,34.8
Lesotho,LSO,2008,34.5
Lesotho,LSO,2009,34.2
Lesotho,LSO,2010,34.1
Lesotho,LSO,2011,33.8
Lesotho,LSO,2012,33.6
Lesotho,LSO,2013,33.5
Lesotho,LSO,2014,33.4
Lesotho,LSO,2015,33.4
Lesotho,LSO,2016,33.3
Lesotho,LSO,2017,33.3
Lesotho,LSO,2018,33.3
Lesotho,LSO,2019,33.5
Liberia,LBR,2000,56
Liberia,LBR,2001,55.6
Liberia,LBR,2002,55.1
Liberia,LBR,2003,54.8
Liberia,LBR,2004,54.4
Liberia,LBR,2005,54
Liberia,LBR,2006,53.6
Liberia,LBR,2007,53.1
Liberia,LBR,2008,52.7
Liberia,LBR,2009,52.2
Liberia,LBR,2010,51.8
Liberia,LBR,2011,51.4
Liberia,LBR,2012,51.1
Liberia,LBR,2013,50.7
Liberia,LBR,2014,50.5
Liberia,LBR,2015,50.2
Liberia,LBR,2016,50.1
Liberia,LBR,2017,49.9
Liberia,LBR,2018,49.8
Liberia,LBR,2019,49.7
Libya,LBY,2000,32.2
Libya,LBY,2001,31.9
Libya,LBY,2002,31.6
Libya,LBY,2003,31.3
Libya,LBY,2004,31.1
Libya,LBY,2005,30.7
Libya,LBY,2006,30.3
Libya,LBY,2007,29.9
Libya,LBY,2008,29.6
Libya,LBY,2009,29.3
Libya,LBY,2010,29
Libya,LBY,2011,28.9
Libya,LBY,2012,28.8
Libya,LBY,2013,28.8
Libya,LBY,2014,28.9
Libya,LBY,2015,29
Libya,LBY,2016,29.2
Libya,LBY,2017,29.3
Libya,LBY,2018,29.4
Libya,LBY,2019,29.4
Lithuania,LTU,2000,26.6
Lithuania,LTU,2001,26.1
Lithuania,LTU,2002,25.6
Lithuania,LTU,2003,25.1
Lithuania,LTU,2004,24.5
Lithuania,LTU,2005,23.7
Lithuania,LTU,2006,23.1
Lithuania,LTU,2007,22.7
Lithuania,LTU,2008,22.2
Lithuania,LTU,2009,21.9
Lithuania,LTU,2010,21.7
Lithuania,LTU,2011,21.6
Lithuania,LTU,2012,21.5
Lithuania,LTU,2013,21.5
Lithuania,LTU,2014,21.5
Lithuania,LTU,2015,21.4
Lithuania,LTU,2016,21.4
Lithuania,LTU,2017,21.4
Lithuania,LTU,2018,21.5
Lithuania,LTU,2019,21.6
Low-income countries,,2000,47.174667
Low-income countries,,2001,46.97633
Low-income countries,,2002,46.769848
Low-income countries,,2003,46.570568
Low-income countries,,2004,46.299213
Low-income countries,,2005,45.951496
Low-income countries,,2006,45.60695
Low-income countries,,2007,45.205765
Low-income countries,,2008,44.752686
Low-income countries,,2009,44.314224
Low-income countries,,2010,43.92327
Low-income countries,,2011,43.582256
Low-income countries,,2012,43.338768
Low-income countries,,2013,43.10911
Low-income countries,,2014,42.93816
Low-income countries,,2015,42.80469
Low-income countries,,2016,42.68855
Low-income countries,,2017,42.540436
Low-income countries,,2018,42.429993
Low-income countries,,2019,42.3335
Lower-middle-income countries,,2000,50.044765
Lower-middle-income countries,,2001,49.825375
Lower-middle-income countries,,2002,49.662895
Lower-middle-income countries,,2003,49.498253
Lower-middle-income countries,,2004,49.29053
Lower-middle-income countries,,2005,49.01564
Lower-middle-income countries,,2006,48.739117
Lower-middle-income countries,,2007,48.42061
Lower-middle-income countries,,2008,48.054497
Lower-middle-income countries,,2009,47.659466
Lower-middle-income countries,,2010,47.3004
Lower-middle-income countries,,2011,46.968697
Lower-middle-income countries,,2012,46.62886
Lower-middle-income countries,,2013,46.336853
Lower-middle-income countries,,2014,46.041027
Lower-middle-income countries,,2015,45.751617
Lower-middle-income countries,,2016,45.53374
Lower-middle-income countries,,2017,45.40271
Lower-middle-income countries,,2018,45.19293
Lower-middle-income countries,,2019,45.041428
Luxembourg,LUX,2000,14.2
Luxembourg,LUX,2001,13.9
Luxembourg,LUX,2002,13.7
Luxembourg,LUX,2003,13.6
Luxembourg,LUX,2004,13.5
Luxembourg,LUX,2005,13.5
Luxembourg,LUX,2006,13.5
Luxembourg,LUX,2007,13.5
Luxembourg,LUX,2008,13.5
Luxembourg,LUX,2009,13.6
Luxembourg,LUX,2010,13.6
Luxembourg,LUX,2011,13.7
Luxembourg,LUX,2012,13.8
Luxembourg,LUX,2013,13.9
Luxembourg,LUX,2014,14
Luxembourg,LUX,2015,14.2
Luxembourg,LUX,2016,14.4
Luxembourg,LUX,2017,14.6
Luxembourg,LUX,2018,14.8
Luxembourg,LUX,2019,15
Madagascar,MDG,2000,44.4
Madagascar,MDG,2001,44
Madagascar,MDG,2002,43.5
Madagascar,MDG,2003,43.1
Madagascar,MDG,2004,42.5
Madagascar,MDG,2005,41.9
Madagascar,MDG,2006,41.5
Madagascar,MDG,2007,41.1
Madagascar,MDG,2008,40.7
Madagascar,MDG,2009,40.3
Madagascar,MDG,2010,40
Madagascar,MDG,2011,39.8
Madagascar,MDG,2012,39.6
Madagascar,MDG,2013,39.5
Madagascar,MDG,2014,39.4
Madagascar,MDG,2015,39.4
Madagascar,MDG,2016,39.4
Madagascar,MDG,2017,39.3
Madagascar,MDG,2018,39.3
Madagascar,MDG,2019,39.3
Malawi,MWI,2000,43.7
Malawi,MWI,2001,43.6
Malawi,MWI,2002,43.5
Malawi,MWI,2003,43.4
Malawi,MWI,2004,43.1
Malawi,MWI,2005,42.8
Malawi,MWI,2006,42.3
Malawi,MWI,2007,41.7
Malawi,MWI,2008,41.1
Malawi,MWI,2009,40.4
Malawi,MWI,2010,39.9
Malawi,MWI,2011,39.5
Malawi,MWI,2012,39.3
Malawi,MWI,2013,39.1
Malawi,MWI,2014,39.1
Malawi,MWI,2015,39
Malawi,MWI,2016,39.1
Malawi,MWI,2017,39.2
Malawi,MWI,2018,39.2
Malawi,MWI,2019,39.3
Malaysia,MYS,2000,37.1
Malaysia,MYS,2001,36.8
Malaysia,MYS,2002,36.3
Malaysia,MYS,2003,35.6
Malaysia,MYS,2004,35.1
Malaysia,MYS,2005,34.6
Malaysia,MYS,2006,34
Malaysia,MYS,2007,33.5
Malaysia,MYS,2008,33
Malaysia,MYS,2009,32.5
Malaysia,MYS,2010,32.1
Malaysia,MYS,2011,31.8
Malaysia,MYS,2012,31.4
Malaysia,MYS,2013,31.3
Malaysia,MYS,2014,31.2
Malaysia,MYS,2015,31.2
Malaysia,MYS,2016,31.1
Malaysia,MYS,2017,31.1
Malaysia,MYS,2018,31
Malaysia,MYS,2019,31
Maldives,MDV,2000,49.9
Maldives,MDV,2001,49.4
Maldives,MDV,2002,48.9
Maldives,MDV,2003,48.5
Maldives,MDV,2004,48.1
Maldives,MDV,2005,47.8
Maldives,MDV,2006,47.5
Maldives,MDV,2007,47.3
Maldives,MDV,2008,47.1
Maldives,MDV,2009,47
Maldives,MDV,2010,47
Maldives,MDV,2011,47.1
Maldives,MDV,2012,47.3
Maldives,MDV,2013,47.5
Maldives,MDV,2014,47.9
Maldives,MDV,2015,48.2
Maldives,MDV,2016,48.5
Maldives,MDV,2017,48.8
Maldives,MDV,2018,49.1
Maldives,MDV,2019,49.3
Mali,MLI,2000,61.6
Mali,MLI,2001,61.5
Mali,MLI,2002,61.4
Mali,MLI,2003,61.2
Mali,MLI,2004,61
Mali,MLI,2005,60.8
Mali,MLI,2006,60.6
Mali,MLI,2007,60.4
Mali,MLI,2008,60.1
Mali,MLI,2009,59.9
Mali,MLI,2010,59.7
Mali,MLI,2011,59.5
Mali,MLI,2012,59.4
Mali,MLI,2013,59.3
Mali,MLI,2014,59.2
Mali,MLI,2015,59.2
Mali,MLI,2016,59.2
Mali,MLI,2017,59.1
Mali,MLI,2018,59.1
Mali,MLI,2019,59
Malta,MLT,2000,21
Malta,MLT,2001,20.6
Malta,MLT,2002,20.2
Malta,MLT,2003,19.9
Malta,MLT,2004,19.6
Malta,MLT,2005,19.4
Malta,MLT,2006,19.2
Malta,MLT,2007,19
Malta,MLT,2008,18.8
Malta,MLT,2009,18.7
Malta,MLT,2010,18.7
Malta,MLT,2011,18.6
Malta,MLT,2012,18.5
Malta,MLT,2013,18.6
Malta,MLT,2014,18.5
Malta,MLT,2015,18.6
Malta,MLT,2016,18.6
Malta,MLT,2017,18.7
Malta,MLT,2018,18.9
Malta,MLT,2019,19
Marshall Islands,MHL,2000,42.3
Marshall Islands,MHL,2001,42.2
Marshall Islands,MHL,2002,42
Marshall Islands,MHL,2003,42
Marshall Islands,MHL,2004,41.9
Marshall Islands,MHL,2005,41.8
Marshall Islands,MHL,2006,41.6
Marshall Islands,MHL,2007,41.4
Marshall Islands,MHL,2008,41.1
Marshall Islands,MHL,2009,40.8
Marshall Islands,MHL,2010,40.6
Marshall Islands,MHL,2011,40.5
Marshall Islands,MHL,2012,40.3
Marshall Islands,MHL,2013,40.2
Marshall Islands,MHL,2014,40
Marshall Islands,MHL,2015,39.9
Marshall Islands,MHL,2016,39.9
Marshall Islands,MHL,2017,39.7
Marshall Islands,MHL,2018,39.6
Marshall Islands,MHL,2019,39.4
Mauritania,MRT,2000,54
Mauritania,MRT,2001,54
Mauritania,MRT,2002,53.9
Mauritania,MRT,2003,53.8
Mauritania,MRT,2004,53.6
Mauritania,MRT,2005,53.5
Mauritania,MRT,2006,53.2
Mauritania,MRT,2007,53
Mauritania,MRT,2008,52.7
Mauritania,MRT,2009,52.4
Mauritania,MRT,2010,52.1
Mauritania,MRT,2011,51.7
Mauritania,MRT,2012,51.4
Mauritania,MRT,2013,51.1
Mauritania,MRT,2014,50.8
Mauritania,MRT,2015,50.5
Mauritania,MRT,2016,50.1
Mauritania,MRT,2017,49.8
Mauritania,MRT,2018,49.5
Mauritania,MRT,2019,49.1
Mauritius,MUS,2000,35.8
Mauritius,MUS,2001,35.2
Mauritius,MUS,2002,34.6
Mauritius,MUS,2003,33.9
Mauritius,MUS,2004,33.3
Mauritius,MUS,2005,32.7
Mauritius,MUS,2006,32
Mauritius,MUS,2007,31.3
Mauritius,MUS,2008,30.6
Mauritius,MUS,2009,29.9
Mauritius,MUS,2010,29.4
Mauritius,MUS,2011,29
Mauritius,MUS,2012,28.6
Mauritius,MUS,2013,28.3
Mauritius,MUS,2014,28.1
Mauritius,MUS,2015,28
Mauritius,MUS,2016,27.9
Mauritius,MUS,2017,27.9
Mauritius,MUS,2018,27.8
Mauritius,MUS,2019,27.7
Mexico,MEX,2000,27.6
Mexico,MEX,2001,27
Mexico,MEX,2002,26.5
Mexico,MEX,2003,26.1
Mexico,MEX,2004,25.6
Mexico,MEX,2005,25
Mexico,MEX,2006,24.5
Mexico,MEX,2007,24
Mexico,MEX,2008,23.4
Mexico,MEX,2009,22.8
Mexico,MEX,2010,22.3
Mexico,MEX,2011,21.9
Mexico,MEX,2012,21.4
Mexico,MEX,2013,21.1
Mexico,MEX,2014,20.8
Mexico,MEX,2015,20.6
Mexico,MEX,2016,20.4
Mexico,MEX,2017,20.3
Mexico,MEX,2018,20.2
Mexico,MEX,2019,20.2
Micronesia (country),FSM,2000,36.7
Micronesia (country),FSM,2001,36.6
Micronesia (country),FSM,2002,36.5
Micronesia (country),FSM,2003,36.5
Micronesia (country),FSM,2004,36.4
Micronesia (country),FSM,2005,36.3
Micronesia (country),FSM,2006,36.2
Micronesia (country),FSM,2007,36.1
Micronesia (country),FSM,2008,35.9
Micronesia (country),FSM,2009,35.7
Micronesia (country),FSM,2010,35.6
Micronesia (country),FSM,2011,35.6
Micronesia (country),FSM,2012,35.5
Micronesia (country),FSM,2013,35.5
Micronesia (country),FSM,2014,35.4
Micronesia (country),FSM,2015,35.4
Micronesia (country),FSM,2016,35.5
Micronesia (country),FSM,2017,35.4
Micronesia (country),FSM,2018,35.4
Micronesia (country),FSM,2019,35.3
Middle East and North Africa (WB),,2000,35.633007
Middle East and North Africa (WB),,2001,35.21167
Middle East and North Africa (WB),,2002,34.94
Middle East and North Africa (WB),,2003,34.70533
Middle East and North Africa (WB),,2004,34.38805
Middle East and North Africa (WB),,2005,34.05156
Middle East and North Africa (WB),,2006,33.685802
Middle East and North Africa (WB),,2007,33.36105
Middle East and North Africa (WB),,2008,32.973587
Middle East and North Africa (WB),,2009,32.537228
Middle East and North Africa (WB),,2010,32.194557
Middle East and North Africa (WB),,2011,31.851454
Middle East and North Africa (WB),,2012,31.649473
Middle East and North Africa (WB),,2013,31.52853
Middle East and North Africa (WB),,2014,31.365702
Middle East and North Africa (WB),,2015,31.090528
Middle East and North Africa (WB),,2016,30.943504
Middle East and North Africa (WB),,2017,30.849058
Middle East and North Africa (WB),,2018,30.779804
Middle East and North Africa (WB),,2019,30.758886
Middle-income countries,,2000,42.883465
Middle-income countries,,2001,42.55543
Middle-income countries,,2002,42.30738
Middle-income countries,,2003,42.051388
Middle-income countries,,2004,41.745037
Middle-income countries,,2005,41.35833
Middle-income countries,,2006,40.956985
Middle-income countries,,2007,40.51354
Middle-income countries,,2008,40.04946
Middle-income countries,,2009,39.56053
Middle-income countries,,2010,39.112736
Middle-income countries,,2011,38.752136
Middle-income countries,,2012,38.427734
Middle-income countries,,2013,38.193905
Middle-income countries,,2014,37.98228
Middle-income countries,,2015,37.834454
Middle-income countries,,2016,37.76873
Middle-income countries,,2017,37.724033
Middle-income countries,,2018,37.637955
Middle-income countries,,2019,37.621376
Moldova,MDA,2000,33
Moldova,MDA,2001,32.9
Moldova,MDA,2002,32.7
Moldova,MDA,2003,32.3
Moldova,MDA,2004,31.9
Moldova,MDA,2005,31.4
Moldova,MDA,2006,31
Moldova,MDA,2007,30.4
Moldova,MDA,2008,29.8
Moldova,MDA,2009,29.3
Moldova,MDA,2010,28.9
Moldova,MDA,2011,28.5
Moldova,MDA,2012,28.2
Moldova,MDA,2013,27.9
Moldova,MDA,2014,27.8
Moldova,MDA,2015,27.7
Moldova,MDA,2016,27.7
Moldova,MDA,2017,27.6
Moldova,MDA,2018,27.6
Moldova,MDA,2019,27.6
Monaco,MCO,2000,16.6
Monaco,MCO,2001,16.4
Monaco,MCO,2002,16.2
Monaco,MCO,2003,16.1
Monaco,MCO,2004,16
Monaco,MCO,2005,15.9
Monaco,MCO,2006,15.9
Monaco,MCO,2007,15.8
Monaco,MCO,2008,15.7
Monaco,MCO,2009,15.7
Monaco,MCO,2010,15.7
Monaco,MCO,2011,15.7
Monaco,MCO,2012,15.8
Monaco,MCO,2013,15.9
Monaco,MCO,2014,16
Monaco,MCO,2015,16.2
Monaco,MCO,2016,16.3
Monaco,MCO,2017,16.4
Monaco,MCO,2018,16.6
Monaco,MCO,2019,16.8
Mongolia,MNG,2000,26.9
Mongolia,MNG,2001,27
Mongolia,MNG,2002,27.2
Mongolia,MNG,2003,27.6
Mongolia,MNG,2004,27.7
Mongolia,MNG,2005,27.6
Mongolia,MNG,2006,27.2
Mongolia,MNG,2007,26.9
Mongolia,MNG,2008,26.6
Mongolia,MNG,2009,26.3
Mongolia,MNG,2010,26
Mongolia,MNG,2011,25.7
Mongolia,MNG,2012,25.5
Mongolia,MNG,2013,25.5
Mongolia,MNG,2014,25.3
Mongolia,MNG,2015,25.1
Mongolia,MNG,2016,25
Mongolia,MNG,2017,24.9
Mongolia,MNG,2018,24.8
Mongolia,MNG,2019,24.9
Montenegro,MNE,2000,22.7
Montenegro,MNE,2001,22.5
Montenegro,MNE,2002,22.3
Montenegro,MNE,2003,22.1
Montenegro,MNE,2004,21.9
Montenegro,MNE,2005,21.8
Montenegro,MNE,2006,21.5
Montenegro,MNE,2007,21.3
Montenegro,MNE,2008,21
Montenegro,MNE,2009,20.8
Montenegro,MNE,2010,20.6
Montenegro,MNE,2011,20.4
Montenegro,MNE,2012,20.3
Montenegro,MNE,2013,20.2
Montenegro,MNE,2014,20.2
Montenegro,MNE,2015,20.2
Montenegro,MNE,2016,20.3
Montenegro,MNE,2017,20.4
Montenegro,MNE,2018,20.5
Montenegro,MNE,2019,20.6
Morocco,MAR,2000,36.8
Morocco,MAR,2001,36.5
Morocco,MAR,2002,36.2
Morocco,MAR,2003,36
Morocco,MAR,2004,35.9
Morocco,MAR,2005,35.6
Morocco,MAR,2006,35.3
Morocco,MAR,2007,35
Morocco,MAR,2008,34.6
Morocco,MAR,2009,34.2
Morocco,MAR,2010,33.9
Morocco,MAR,2011,33.6
Morocco,MAR,2012,33.4
Morocco,MAR,2013,33.2
Morocco,MAR,2014,33.1
Morocco,MAR,2015,33
Morocco,MAR,2016,32.9
Morocco,MAR,2017,32.8
Morocco,MAR,2018,32.7
Morocco,MAR,2019,32.6
Mozambique,MOZ,2000,51.8
Mozambique,MOZ,2001,51.8
Mozambique,MOZ,2002,51.8
Mozambique,MOZ,2003,51.8
Mozambique,MOZ,2004,51.7
Mozambique,MOZ,2005,51.5
Mozambique,MOZ,2006,51.3
Mozambique,MOZ,2007,51
Mozambique,MOZ,2008,50.7
Mozambique,MOZ,2009,50.3
Mozambique,MOZ,2010,49.9
Mozambique,MOZ,2011,49.5
Mozambique,MOZ,2012,49.1
Mozambique,MOZ,2013,48.7
Mozambique,MOZ,2014,48.3
Mozambique,MOZ,2015,47.8
Mozambique,MOZ,2016,47.3
Mozambique,MOZ,2017,46.8
Mozambique,MOZ,2018,46.3
Mozambique,MOZ,2019,45.8
Myanmar,MMR,2000,51.1
Myanmar,MMR,2001,50.7
Myanmar,MMR,2002,50.2
Myanmar,MMR,2003,49.8
Myanmar,MMR,2004,49.4
Myanmar,MMR,2005,48.9
Myanmar,MMR,2006,48.5
Myanmar,MMR,2007,48.1
Myanmar,MMR,2008,47.7
Myanmar,MMR,2009,47.4
Myanmar,MMR,2010,47.2
Myanmar,MMR,2011,47.1
Myanmar,MMR,2012,47.2
Myanmar,MMR,2013,47.2
Myanmar,MMR,2014,47.4
Myanmar,MMR,2015,47.5
Myanmar,MMR,2016,47.6
Myanmar,MMR,2017,47.7
Myanmar,MMR,2018,47.8
Myanmar,MMR,2019,47.8
Namibia,NAM,2000,31.8
Namibia,NAM,2001,31.4
Namibia,NAM,2002,31.1
Namibia,NAM,2003,31
Namibia,NAM,2004,30.9
Namibia,NAM,2005,30.7
Namibia,NAM,2006,30.5
Namibia,NAM,2007,30.2
Namibia,NAM,2008,29.9
Namibia,NAM,2009,29.7
Namibia,NAM,2010,29.5
Namibia,NAM,2011,29.4
Namibia,NAM,2012,29.3
Namibia,NAM,2013,29.2
Namibia,NAM,2014,29.1
Namibia,NAM,2015,29.1
Namibia,NAM,2016,29
Namibia,NAM,2017,29
Namibia,NAM,2018,28.9
Namibia,NAM,2019,29
Nauru,NRU,2000,39.3
Nauru,NRU,2001,39.3
Nauru,NRU,2002,39.3
Nauru,NRU,2003,39.4
Nauru,NRU,2004,39.4
Nauru,NRU,2005,39.4
Nauru,NRU,2006,39.2
Nauru,NRU,2007,39.2
Nauru,NRU,2008,38.9
Nauru,NRU,2009,38.6
Nauru,NRU,2010,38.3
Nauru,NRU,2011,38.1
Nauru,NRU,2012,37.8
Nauru,NRU,2013,37.5
Nauru,NRU,2014,37.1
Nauru,NRU,2015,36.8
Nauru,NRU,2016,36.6
Nauru,NRU,2017,36.4
Nauru,NRU,2018,36.1
Nauru,NRU,2019,35.9
Nepal,NPL,2000,51.2
Nepal,NPL,2001,50.5
Nepal,NPL,2002,49.8
Nepal,NPL,2003,49.2
Nepal,NPL,2004,48.5
Nepal,NPL,2005,47.9
Nepal,NPL,2006,47.3
Nepal,NPL,2007,46.7
Nepal,NPL,2008,46.2
Nepal,NPL,2009,45.7
Nepal,NPL,2010,45.2
Nepal,NPL,2011,44.8
Nepal,NPL,2012,44.4
Nepal,NPL,2013,44.1
Nepal,NPL,2014,43.7
Nepal,NPL,2015,43.5
Nepal,NPL,2016,43.2
Nepal,NPL,2017,43
Nepal,NPL,2018,42.7
Nepal,NPL,2019,42.5
Netherlands,NLD,2000,16.2
Netherlands,NLD,2001,16.2
Netherlands,NLD,2002,16.2
Netherlands,NLD,2003,16.2
Netherlands,NLD,2004,16.2
Netherlands,NLD,2005,16.3
Netherlands,NLD,2006,16.2
Netherlands,NLD,2007,16.1
Netherlands,NLD,2008,16.1
Netherlands,NLD,2009,16
Netherlands,NLD,2010,15.9
Netherlands,NLD,2011,15.9
Netherlands,NLD,2012,16.1
Netherlands,NLD,2013,16.2
Netherlands,NLD,2014,16.4
Netherlands,NLD,2015,16.5
Netherlands,NLD,2016,16.7
Netherlands,NLD,2017,16.9
Netherlands,NLD,2018,17.1
Netherlands,NLD,2019,17.2
New Zealand,NZL,2000,15.2
New Zealand,NZL,2001,15
New Zealand,NZL,2002,14.9
New Zealand,NZL,2003,14.8
New Zealand,NZL,2004,14.7
New Zealand,NZL,2005,14.6
New Zealand,NZL,2006,14.6
New Zealand,NZL,2007,14.7
New Zealand,NZL,2008,14.7
New Zealand,NZL,2009,14.6
New Zealand,NZL,2010,14.7
New Zealand,NZL,2011,14.8
New Zealand,NZL,2012,15
New Zealand,NZL,2013,15
New Zealand,NZL,2014,15.2
New Zealand,NZL,2015,15.4
New Zealand,NZL,2016,15.6
New Zealand,NZL,2017,15.8
New Zealand,NZL,2018,15.9
New Zealand,NZL,2019,16.1
Nicaragua,NIC,2000,28.6
Nicaragua,NIC,2001,27.9
Nicaragua,NIC,2002,27.2
Nicaragua,NIC,2003,26.5
Nicaragua,NIC,2004,25.8
Nicaragua,NIC,2005,25.2
Nicaragua,NIC,2006,24.7
Nicaragua,NIC,2007,24.3
Nicaragua,NIC,2008,23.9
Nicaragua,NIC,2009,23.6
Nicaragua,NIC,2010,23.2
Nicaragua,NIC,2011,22.9
Nicaragua,NIC,2012,22.9
Nicaragua,NIC,2013,22.9
Nicaragua,NIC,2014,23
Nicaragua,NIC,2015,23
Nicaragua,NIC,2016,23.2
Nicaragua,NIC,2017,23.4
Nicaragua,NIC,2018,23.7
Nicaragua,NIC,2019,23.9
Niger,NER,2000,57.6
Niger,NER,2001,57.6
Niger,NER,2002,57.5
Niger,NER,2003,57.4
Niger,NER,2004,57.2
Niger,NER,2005,57.1
Niger,NER,2006,57
Niger,NER,2007,56.8
Niger,NER,2008,56.7
Niger,NER,2009,56.5
Niger,NER,2010,56.3
Niger,NER,2011,56.1
Niger,NER,2012,56
Niger,NER,2013,55.9
Niger,NER,2014,55.7
Niger,NER,2015,55.6
Niger,NER,2016,55.5
Niger,NER,2017,55.3
Niger,NER,2018,55.1
Niger,NER,2019,54.9
Nigeria,NGA,2000,59.1
Nigeria,NGA,2001,59.1
Nigeria,NGA,2002,58.9
Nigeria,NGA,2003,58.8
Nigeria,NGA,2004,58.6
Nigeria,NGA,2005,58.4
Nigeria,NGA,2006,58.2
Nigeria,NGA,2007,58
Nigeria,NGA,2008,57.7
Nigeria,NGA,2009,57.5
Nigeria,NGA,2010,57.3
Nigeria,NGA,2011,57.1
Nigeria,NGA,2012,56.9
Nigeria,NGA,2013,56.8
Nigeria,NGA,2014,56.6
Nigeria,NGA,2015,56.5
Nigeria,NGA,2016,56.3
Nigeria,NGA,2017,56.2
Nigeria,NGA,2018,56
Nigeria,NGA,2019,55.9
North America (WB),,2000,9.88742
North America (WB),,2001,9.66654
North America (WB),,2002,9.556432
North America (WB),,2003,9.541589
North America (WB),,2004,9.53693
North America (WB),,2005,9.626731
North America (WB),,2006,9.718012
North America (WB),,2007,9.9099245
North America (WB),,2008,10.009924
North America (WB),,2009,10.2013
North America (WB),,2010,10.391673
North America (WB),,2011,10.580773
North America (WB),,2012,10.7773485
North America (WB),,2013,10.881681
North America (WB),,2014,11.084926
North America (WB),,2015,11.195927
North America (WB),,2016,11.396676
North America (WB),,2017,11.496377
North America (WB),,2018,11.695322
North America (WB),,2019,11.902668
North Korea,PRK,2000,39.7
North Korea,PRK,2001,39.2
North Korea,PRK,2002,38.7
North Korea,PRK,2003,38.4
North Korea,PRK,2004,38.1
North Korea,PRK,2005,37.8
North Korea,PRK,2006,37.7
North Korea,PRK,2007,37.5
North Korea,PRK,2008,37.3
North Korea,PRK,2009,37.3
North Korea,PRK,2010,37.2
North Korea,PRK,2011,37.3
North Korea,PRK,2012,37.4
North Korea,PRK,2013,37.6
North Korea,PRK,2014,37.8
North Korea,PRK,2015,38
North Korea,PRK,2016,38.3
North Korea,PRK,2017,38.5
North Korea,PRK,2018,38.6
North Korea,PRK,2019,38.8
North Macedonia,MKD,2000,28.2
North Macedonia,MKD,2001,28.1
North Macedonia,MKD,2002,28.1
North Macedonia,MKD,2003,28
North Macedonia,MKD,2004,27.8
North Macedonia,MKD,2005,27.6
North Macedonia,MKD,2006,27.5
North Macedonia,MKD,2007,27.3
North Macedonia,MKD,2008,27.1
North Macedonia,MKD,2009,27
North Macedonia,MKD,2010,26.8
North Macedonia,MKD,2011,26.8
North Macedonia,MKD,2012,26.7
North Macedonia,MKD,2013,26.6
North Macedonia,MKD,2014,26.5
North Macedonia,MKD,2015,26.3
North Macedonia,MKD,2016,26.2
North Macedonia,MKD,2017,26
North Macedonia,MKD,2018,25.8
North Macedonia,MKD,2019,25.7
Norway,NOR,2000,17.2
Norway,NOR,2001,16.9
Norway,NOR,2002,16.6
Norway,NOR,2003,16.4
Norway,NOR,2004,16.2
Norway,NOR,2005,16.1
Norway,NOR,2006,16
Norway,NOR,2007,15.9
Norway,NOR,2008,15.9
Norway,NOR,2009,15.8
Norway,NOR,2010,15.8
Norway,NOR,2011,15.7
Norway,NOR,2012,15.7
Norway,NOR,2013,15.8
Norway,NOR,2014,15.8
Norway,NOR,2015,15.9
Norway,NOR,2016,16.1
Norway,NOR,2017,16.3
Norway,NOR,2018,16.4
Norway,NOR,2019,16.7
Oman,OMN,2000,38.4
Oman,OMN,2001,37.8
Oman,OMN,2002,37.2
Oman,OMN,2003,36.6
Oman,OMN,2004,36
Oman,OMN,2005,35.4
Oman,OMN,2006,34.9
Oman,OMN,2007,34.2
Oman,OMN,2008,33.4
Oman,OMN,2009,32.8
Oman,OMN,2010,32.2
Oman,OMN,2011,31.8
Oman,OMN,2012,31.5
Oman,OMN,2013,31.2
Oman,OMN,2014,31.1
Oman,OMN,2015,30.9
Oman,OMN,2016,30.8
Oman,OMN,2017,30.6
Oman,OMN,2018,30.4
Oman,OMN,2019,30.2
Pakistan,PAK,2000,48.5
Pakistan,PAK,2001,48.3
Pakistan,PAK,2002,48.3
Pakistan,PAK,2003,48.3
Pakistan,PAK,2004,48.2
Pakistan,PAK,2005,48.1
Pakistan,PAK,2006,48.1
Pakistan,PAK,2007,48
Pakistan,PAK,2008,47.8
Pakistan,PAK,2009,47.7
Pakistan,PAK,2010,47.4
Pakistan,PAK,2011,47.3
Pakistan,PAK,2012,47.1
Pakistan,PAK,2013,46.6
Pakistan,PAK,2014,46.2
Pakistan,PAK,2015,45.8
Pakistan,PAK,2016,45.4
Pakistan,PAK,2017,45
Pakistan,PAK,2018,44.5
Pakistan,PAK,2019,44
Palau,PLW,2000,36.4
Palau,PLW,2001,36.3
Palau,PLW,2002,36.1
Palau,PLW,2003,36.1
Palau,PLW,2004,36
Palau,PLW,2005,35.8
Palau,PLW,2006,35.7
Palau,PLW,2007,35.5
Palau,PLW,2008,35.3
Palau,PLW,2009,35.1
Palau,PLW,2010,35
Palau,PLW,2011,34.9
Palau,PLW,2012,34.8
Palau,PLW,2013,34.7
Palau,PLW,2014,34.6
Palau,PLW,2015,34.6
Palau,PLW,2016,34.5
Palau,PLW,2017,34.5
Palau,PLW,2018,34.3
Palau,PLW,2019,34.3
Panama,PAN,2000,27.7
Panama,PAN,2001,27.3
Panama,PAN,2002,27
Panama,PAN,2003,26.9
Panama,PAN,2004,26.7
Panama,PAN,2005,26.5
Panama,PAN,2006,26.1
Panama,PAN,2007,25.7
Panama,PAN,2008,25.2
Panama,PAN,2009,24.5
Panama,PAN,2010,24.1
Panama,PAN,2011,24
Panama,PAN,2012,23.7
Panama,PAN,2013,23.4
Panama,PAN,2014,23.2
Panama,PAN,2015,23
Panama,PAN,2016,22.8
Panama,PAN,2017,22.7
Panama,PAN,2018,22.6
Panama,PAN,2019,22.6
Papua New Guinea,PNG,2000,46.8
Papua New Guinea,PNG,2001,46.8
Papua New Guinea,PNG,2002,46.7
Papua New Guinea,PNG,2003,46.7
Papua New Guinea,PNG,2004,46.7
Papua New Guinea,PNG,2005,46.6
Papua New Guinea,PNG,2006,46.5
Papua New Guinea,PNG,2007,46.4
Papua New Guinea,PNG,2008,46.2
Papua New Guinea,PNG,2009,45.9
Papua New Guinea,PNG,2010,45.7
Papua New Guinea,PNG,2011,45.6
Papua New Guinea,PNG,2012,45.4
Papua New Guinea,PNG,2013,45.3
Papua New Guinea,PNG,2014,45.1
Papua New Guinea,PNG,2015,44.9
Papua New Guinea,PNG,2016,44.8
Papua New Guinea,PNG,2017,44.6
Papua New Guinea,PNG,2018,44.3
Papua New Guinea,PNG,2019,44.1
Paraguay,PRY,2000,27
Paraguay,PRY,2001,27
Paraguay,PRY,2002,27
Paraguay,PRY,2003,27
Paraguay,PRY,2004,27.1
Paraguay,PRY,2005,27.1
Paraguay,PRY,2006,27.1
Paraguay,PRY,2007,27
Paraguay,PRY,2008,26.7
Paraguay,PRY,2009,26.3
Paraguay,PRY,2010,25.9
Paraguay,PRY,2011,25.9
Paraguay,PRY,2012,25.9
Paraguay,PRY,2013,25.8
Paraguay,PRY,2014,25.6
Paraguay,PRY,2015,25.6
Paraguay,PRY,2016,25.6
Paraguay,PRY,2017,25.7
Paraguay,PRY,2018,25.6
Paraguay,PRY,2019,25.4
Peru,PER,2000,31.6
Peru,PER,2001,31.8
Peru,PER,2002,31.8
Peru,PER,2003,31.9
Peru,PER,2004,31.8
Peru,PER,2005,31.6
Peru,PER,2006,31.2
Peru,PER,2007,30.7
Peru,PER,2008,30.1
Peru,PER,2009,29.5
Peru,PER,2010,29
Peru,PER,2011,28.5
Peru,PER,2012,28.1
Peru,PER,2013,27.8
Peru,PER,2014,27.6
Peru,PER,2015,27.4
Peru,PER,2016,27.2
Peru,PER,2017,27.1
Peru,PER,2018,27.1
Peru,PER,2019,27.1
Philippines,PHL,2000,42.3
Philippines,PHL,2001,41.8
Philippines,PHL,2002,41.4
Philippines,PHL,2003,41.1
Philippines,PHL,2004,40.7
Philippines,PHL,2005,40.2
Philippines,PHL,2006,39.9
Philippines,PHL,2007,39.2
Philippines,PHL,2008,38.3
Philippines,PHL,2009,37.5
Philippines,PHL,2010,36.5
Philippines,PHL,2011,35.3
Philippines,PHL,2012,33.9
Philippines,PHL,2013,32.3
Philippines,PHL,2014,31.1
Philippines,PHL,2015,29.9
Philippines,PHL,2016,28.9
Philippines,PHL,2017,27.7
Philippines,PHL,2018,26.6
Philippines,PHL,2019,25.5
Portugal,PRT,2000,21.1
Portugal,PRT,2001,20.7
Portugal,PRT,2002,20.4
Portugal,PRT,2003,20.1
Portugal,PRT,2004,19.9
Portugal,PRT,2005,19.7
Portugal,PRT,2006,19.5
Portugal,PRT,2007,19.4
Portugal,PRT,2008,19.2
Portugal,PRT,2009,19.1
Portugal,PRT,2010,19.1
Portugal,PRT,2011,19
Portugal,PRT,2012,19
Portugal,PRT,2013,19.1
Portugal,PRT,2014,19.1
Portugal,PRT,2015,19.2
Portugal,PRT,2016,19.2
Portugal,PRT,2017,19.3
Portugal,PRT,2018,19.3
Portugal,PRT,2019,19.4
Qatar,QAT,2000,30.6
Qatar,QAT,2001,30.2
Qatar,QAT,2002,29.8
Qatar,QAT,2003,29.5
Qatar,QAT,2004,29.2
Qatar,QAT,2005,28.9
Qatar,QAT,2006,28.5
Qatar,QAT,2007,28.2
Qatar,QAT,2008,27.9
Qatar,QAT,2009,27.6
Qatar,QAT,2010,27.2
Qatar,QAT,2011,27
Qatar,QAT,2012,26.9
Qatar,QAT,2013,26.7
Qatar,QAT,2014,26.7
Qatar,QAT,2015,26.6
Qatar,QAT,2016,26.6
Qatar,QAT,2017,26.7
Qatar,QAT,2018,26.7
Qatar,QAT,2019,26.7
Romania,ROU,2000,28.4
Romania,ROU,2001,28.1
Romania,ROU,2002,27.8
Romania,ROU,2003,27.6
Romania,ROU,2004,27.3
Romania,ROU,2005,27
Romania,ROU,2006,26.8
Romania,ROU,2007,26.6
Romania,ROU,2008,26.3
Romania,ROU,2009,26.1
Romania,ROU,2010,26
Romania,ROU,2011,25.8
Romania,ROU,2012,25.7
Romania,ROU,2013,25.6
Romania,ROU,2014,25.5
Romania,ROU,2015,25.4
Romania,ROU,2016,25.4
Romania,ROU,2017,25.3
Romania,ROU,2018,25.3
Romania,ROU,2019,25.3
Russia,RUS,2000,26.4
Russia,RUS,2001,26.3
Russia,RUS,2002,26.2
Russia,RUS,2003,26
Russia,RUS,2004,25.6
Russia,RUS,2005,25.2
Russia,RUS,2006,24.9
Russia,RUS,2007,24.6
Russia,RUS,2008,24.2
Russia,RUS,2009,23.8
Russia,RUS,2010,23.5
Russia,RUS,2011,23.3
Russia,RUS,2012,23.2
Russia,RUS,2013,23.1
Russia,RUS,2014,23
Russia,RUS,2015,23
Russia,RUS,2016,23.1
Russia,RUS,2017,23.2
Russia,RUS,2018,23.3
Russia,RUS,2019,23.4
Rwanda,RWA,2000,25
Rwanda,RWA,2001,25
Rwanda,RWA,2002,24.8
Rwanda,RWA,2003,24.7
Rwanda,RWA,2004,24.4
Rwanda,RWA,2005,24.2
Rwanda,RWA,2006,23.9
Rwanda,RWA,2007,23.6
Rwanda,RWA,2008,23.2
Rwanda,RWA,2009,23
Rwanda,RWA,2010,22.8
Rwanda,RWA,2011,22.8
Rwanda,RWA,2012,22.8
Rwanda,RWA,2013,22.8
Rwanda,RWA,2014,22.9
Rwanda,RWA,2015,23.1
Rwanda,RWA,2016,23.2
Rwanda,RWA,2017,23.3
Rwanda,RWA,2018,23.4
Rwanda,RWA,2019,23.5
Saint Kitts and Nevis,KNA,2000,22.4
Saint Kitts and Nevis,KNA,2001,22
Saint Kitts and Nevis,KNA,2002,21.7
Saint Kitts and Nevis,KNA,2003,21.5
Saint Kitts and Nevis,KNA,2004,21.3
Saint Kitts and Nevis,KNA,2005,21.1
Saint Kitts and Nevis,KNA,2006,20.8
Saint Kitts and Nevis,KNA,2007,20.5
Saint Kitts and Nevis,KNA,2008,20.2
Saint Kitts and Nevis,KNA,2009,19.9
Saint Kitts and Nevis,KNA,2010,19.6
Saint Kitts and Nevis,KNA,2011,19.1
Saint Kitts and Nevis,KNA,2012,18.8
Saint Kitts and Nevis,KNA,2013,18.4
Saint Kitts and Nevis,KNA,2014,18.1
Saint Kitts and Nevis,KNA,2015,18
Saint Kitts and Nevis,KNA,2016,17.8
Saint Kitts and Nevis,KNA,2017,17.8
Saint Kitts and Nevis,KNA,2018,18
Saint Kitts and Nevis,KNA,2019,18.2
Saint Lucia,LCA,2000,23.1
Saint Lucia,LCA,2001,22.7
Saint Lucia,LCA,2002,22.3
Saint Lucia,LCA,2003,22.2
Saint Lucia,LCA,2004,22
Saint Lucia,LCA,2005,21.7
Saint Lucia,LCA,2006,21.4
Saint Lucia,LCA,2007,21.1
Saint Lucia,LCA,2008,20.7
Saint Lucia,LCA,2009,20.3
Saint Lucia,LCA,2010,19.9
Saint Lucia,LCA,2011,19.6
Saint Lucia,LCA,2012,19.3
Saint Lucia,LCA,2013,19
Saint Lucia,LCA,2014,19
Saint Lucia,LCA,2015,19
Saint Lucia,LCA,2016,19
Saint Lucia,LCA,2017,19
Saint Lucia,LCA,2018,19
Saint Lucia,LCA,2019,19.1
Saint Vincent and the Grenadines,VCT,2000,27.6
Saint Vincent and the Grenadines,VCT,2001,27
Saint Vincent and the Grenadines,VCT,2002,26.5
Saint Vincent and the Grenadines,VCT,2003,26
Saint Vincent and the Grenadines,VCT,2004,25.5
Saint Vincent and the Grenadines,VCT,2005,24.9
Saint Vincent and the Grenadines,VCT,2006,24.4
Saint Vincent and the Grenadines,VCT,2007,23.9
Saint Vincent and the Grenadines,VCT,2008,23.4
Saint Vincent and the Grenadines,VCT,2009,23
Saint Vincent and the Grenadines,VCT,2010,22.7
Saint Vincent and the Grenadines,VCT,2011,22.4
Saint Vincent and the Grenadines,VCT,2012,22.1
Saint Vincent and the Grenadines,VCT,2013,21.9
Saint Vincent and the Grenadines,VCT,2014,21.8
Saint Vincent and the Grenadines,VCT,2015,21.6
Saint Vincent and the Grenadines,VCT,2016,21.5
Saint Vincent and the Grenadines,VCT,2017,21.4
Saint Vincent and the Grenadines,VCT,2018,21.3
Saint Vincent and the Grenadines,VCT,2019,21.4
Samoa,WSM,2000,40.9
Samoa,WSM,2001,40.8
Samoa,WSM,2002,40.8
Samoa,WSM,2003,40.9
Samoa,WSM,2004,40.9
Samoa,WSM,2005,41
Samoa,WSM,2006,41
Samoa,WSM,2007,40.9
Samoa,WSM,2008,40.8
Samoa,WSM,2009,40.7
Samoa,WSM,2010,40.7
Samoa,WSM,2011,40.6
Samoa,WSM,2012,40.5
Samoa,WSM,2013,40.7
Samoa,WSM,2014,40.6
Samoa,WSM,2015,40.3
Samoa,WSM,2016,40.1
Samoa,WSM,2017,39.9
Samoa,WSM,2018,39.7
Samoa,WSM,2019,39.4
San Marino,SMR,2000,16.8
San Marino,SMR,2001,16.6
San Marino,SMR,2002,16.4
San Marino,SMR,2003,16.3
San Marino,SMR,2004,16.2
San Marino,SMR,2005,16.1
San Marino,SMR,2006,16
San Marino,SMR,2007,15.9
San Marino,SMR,2008,15.9
San Marino,SMR,2009,15.9
San Marino,SMR,2010,15.9
San Marino,SMR,2011,15.9
San Marino,SMR,2012,16
San Marino,SMR,2013,16.1
San Marino,SMR,2014,16.2
San Marino,SMR,2015,16.3
San Marino,SMR,2016,16.5
San Marino,SMR,2017,16.7
San Marino,SMR,2018,16.9
San Marino,SMR,2019,17.1
Sao Tome and Principe,STP,2000,55.2
Sao Tome and Principe,STP,2001,55.1
Sao Tome and Principe,STP,2002,54.9
Sao Tome and Principe,STP,2003,54.7
Sao Tome and Principe,STP,2004,54.5
Sao Tome and Principe,STP,2005,54.2
Sao Tome and Principe,STP,2006,53.9
Sao Tome and Principe,STP,2007,53.7
Sao Tome and Principe,STP,2008,53.4
Sao Tome and Principe,STP,2009,53.1
Sao Tome and Principe,STP,2010,52.9
Sao Tome and Principe,STP,2011,52.6
Sao Tome and Principe,STP,2012,52.4
Sao Tome and Principe,STP,2013,52.2
Sao Tome and Principe,STP,2014,52
Sao Tome and Principe,STP,2015,51.8
Sao Tome and Principe,STP,2016,51.6
Sao Tome and Principe,STP,2017,51.3
Sao Tome and Principe,STP,2018,51.1
Sao Tome and Principe,STP,2019,50.8
Saudi Arabia,SAU,2000,33
Saudi Arabia,SAU,2001,32.5
Saudi Arabia,SAU,2002,32
Saudi Arabia,SAU,2003,31.6
Saudi Arabia,SAU,2004,31.2
Saudi Arabia,SAU,2005,30.8
Saudi Arabia,SAU,2006,30.2
Saudi Arabia,SAU,2007,29.7
Saudi Arabia,SAU,2008,29.1
Saudi Arabia,SAU,2009,28.6
Saudi Arabia,SAU,2010,28.1
Saudi Arabia,SAU,2011,27.7
Saudi Arabia,SAU,2012,27.4
Saudi Arabia,SAU,2013,27.1
Saudi Arabia,SAU,2014,27.1
Saudi Arabia,SAU,2015,27
Saudi Arabia,SAU,2016,27.1
Saudi Arabia,SAU,2017,27.2
Saudi Arabia,SAU,2018,27.2
Saudi Arabia,SAU,2019,27.3
Senegal,SEN,2000,59.9
Senegal,SEN,2001,59.9
Senegal,SEN,2002,59.9
Senegal,SEN,2003,59.9
Senegal,SEN,2004,59.8
Senegal,SEN,2005,59.7
Senegal,SEN,2006,59.6
Senegal,SEN,2007,59.4
Senegal,SEN,2008,59.2
Senegal,SEN,2009,58.9
Senegal,SEN,2010,58.7
Senegal,SEN,2011,58.4
Senegal,SEN,2012,58.1
Senegal,SEN,2013,57.8
Senegal,SEN,2014,57.5
Senegal,SEN,2015,57.3
Senegal,SEN,2016,57
Senegal,SEN,2017,56.7
Senegal,SEN,2018,56.4
Senegal,SEN,2019,56.1
Serbia,SRB,2000,28.4
Serbia,SRB,2001,28.1
Serbia,SRB,2002,27.9
Serbia,SRB,2003,27.6
Serbia,SRB,2004,27.3
Serbia,SRB,2005,27
Serbia,SRB,2006,26.7
Serbia,SRB,2007,26.4
Serbia,SRB,2008,26.1
Serbia,SRB,2009,25.8
Serbia,SRB,2010,25.5
Serbia,SRB,2011,25.3
Serbia,SRB,2012,25.2
Serbia,SRB,2013,25
Serbia,SRB,2014,24.9
Serbia,SRB,2015,24.8
Serbia,SRB,2016,24.9
Serbia,SRB,2017,25
Serbia,SRB,2018,25.1
Serbia,SRB,2019,25.1
Seychelles,SYC,2000,30.6
Seychelles,SYC,2001,30.3
Seychelles,SYC,2002,30
Seychelles,SYC,2003,29.7
Seychelles,SYC,2004,29.5
Seychelles,SYC,2005,29.2
Seychelles,SYC,2006,28.7
Seychelles,SYC,2007,28.3
Seychelles,SYC,2008,27.9
Seychelles,SYC,2009,27.5
Seychelles,SYC,2010,27.3
Seychelles,SYC,2011,27.1
Seychelles,SYC,2012,27
Seychelles,SYC,2013,27
Seychelles,SYC,2014,27
Seychelles,SYC,2015,27.1
Seychelles,SYC,2016,27.2
Seychelles,SYC,2017,27.3
Seychelles,SYC,2018,27.4
Seychelles,SYC,2019,27.5
Sierra Leone,SLE,2000,56.6
Sierra Leone,SLE,2001,56.5
Sierra Leone,SLE,2002,56.4
Sierra Leone,SLE,2003,56.2
Sierra Leone,SLE,2004,56
Sierra Leone,SLE,2005,55.9
Sierra Leone,SLE,2006,55.7
Sierra Leone,SLE,2007,55.5
Sierra Leone,SLE,2008,55.3
Sierra Leone,SLE,2009,55.1
Sierra Leone,SLE,2010,54.9
Sierra Leone,SLE,2011,54.8
Sierra Leone,SLE,2012,54.7
Sierra Leone,SLE,2013,54.6
Sierra Leone,SLE,2014,54.5
Sierra Leone,SLE,2015,54.5
Sierra Leone,SLE,2016,54.4
Sierra Leone,SLE,2017,54.4
Sierra Leone,SLE,2018,54.4
Sierra Leone,SLE,2019,54.4
Singapore,SGP,2000,18.8
Singapore,SGP,2001,18.4
Singapore,SGP,2002,18.1
Singapore,SGP,2003,17.9
Singapore,SGP,2004,17.7
Singapore,SGP,2005,17.5
Singapore,SGP,2006,17.3
Singapore,SGP,2007,17.2
Singapore,SGP,2008,17
Singapore,SGP,2009,16.9
Singapore,SGP,2010,16.8
Singapore,SGP,2011,16.8
Singapore,SGP,2012,16.8
Singapore,SGP,2013,16.8
Singapore,SGP,2014,16.9
Singapore,SGP,2015,17
Singapore,SGP,2016,17.1
Singapore,SGP,2017,17.2
Singapore,SGP,2018,17.4
Singapore,SGP,2019,17.5
Slovakia,SVK,2000,26.2
Slovakia,SVK,2001,26
Slovakia,SVK,2002,25.8
Slovakia,SVK,2003,25.7
Slovakia,SVK,2004,25.4
Slovakia,SVK,2005,25.1
Slovakia,SVK,2006,24.9
Slovakia,SVK,2007,24.6
Slovakia,SVK,2008,24.4
Slovakia,SVK,2009,24.3
Slovakia,SVK,2010,24.2
Slovakia,SVK,2011,24.1
Slovakia,SVK,2012,24.1
Slovakia,SVK,2013,24.1
Slovakia,SVK,2014,24.2
Slovakia,SVK,2015,24.3
Slovakia,SVK,2016,24.3
Slovakia,SVK,2017,24.4
Slovakia,SVK,2018,24.4
Slovakia,SVK,2019,24.4
Slovenia,SVN,2000,24.1
Slovenia,SVN,2001,23.8
Slovenia,SVN,2002,23.6
Slovenia,SVN,2003,23.5
Slovenia,SVN,2004,23.3
Slovenia,SVN,2005,23.2
Slovenia,SVN,2006,23
Slovenia,SVN,2007,22.8
Slovenia,SVN,2008,22.6
Slovenia,SVN,2009,22.5
Slovenia,SVN,2010,22.4
Slovenia,SVN,2011,22.3
Slovenia,SVN,2012,22.3
Slovenia,SVN,2013,22.3
Slovenia,SVN,2014,22.4
Slovenia,SVN,2015,22.5
Slovenia,SVN,2016,22.6
Slovenia,SVN,2017,22.7
Slovenia,SVN,2018,22.8
Slovenia,SVN,2019,22.9
Solomon Islands,SLB,2000,51.5
Solomon Islands,SLB,2001,51.6
Solomon Islands,SLB,2002,51.6
Solomon Islands,SLB,2003,51.6
Solomon Islands,SLB,2004,51.5
Solomon Islands,SLB,2005,51.5
Solomon Islands,SLB,2006,51.4
Solomon Islands,SLB,2007,51.3
Solomon Islands,SLB,2008,51.1
Solomon Islands,SLB,2009,50.9
Solomon Islands,SLB,2010,50.8
Solomon Islands,SLB,2011,50.6
Solomon Islands,SLB,2012,50.5
Solomon Islands,SLB,2013,50.4
Solomon Islands,SLB,2014,50.2
Solomon Islands,SLB,2015,50.1
Solomon Islands,SLB,2016,49.9
Solomon Islands,SLB,2017,49.7
Solomon Islands,SLB,2018,49.5
Solomon Islands,SLB,2019,49.3
Somalia,SOM,2000,51.2
Somalia,SOM,2001,51.1
Somalia,SOM,2002,51.1
Somalia,SOM,2003,51
Somalia,SOM,2004,50.9
Somalia,SOM,2005,50.8
Somalia,SOM,2006,50.7
Somalia,SOM,2007,50.5
Somalia,SOM,2008,50.3
Somalia,SOM,2009,50.1
Somalia,SOM,2010,49.9
Somalia,SOM,2011,49.7
Somalia,SOM,2012,49.5
Somalia,SOM,2013,49.4
Somalia,SOM,2014,49.3
Somalia,SOM,2015,49.2
Somalia,SOM,2016,49.1
Somalia,SOM,2017,49
Somalia,SOM,2018,48.8
Somalia,SOM,2019,48.7
South Africa,ZAF,2000,34
South Africa,ZAF,2001,33.6
South Africa,ZAF,2002,33.3
South Africa,ZAF,2003,32.9
South Africa,ZAF,2004,32.5
South Africa,ZAF,2005,32
South Africa,ZAF,2006,31.5
South Africa,ZAF,2007,30.9
South Africa,ZAF,2008,30.4
South Africa,ZAF,2009,29.9
South Africa,ZAF,2010,29.7
South Africa,ZAF,2011,29.5
South Africa,ZAF,2012,29.4
South Africa,ZAF,2013,29.5
South Africa,ZAF,2014,29.7
South Africa,ZAF,2015,29.9
South Africa,ZAF,2016,30.1
South Africa,ZAF,2017,30.3
South Africa,ZAF,2018,30.5
South Africa,ZAF,2019,30.8
South Asia (WB),,2000,51.949574
South Asia (WB),,2001,51.72265
South Asia (WB),,2002,51.60343
South Asia (WB),,2003,51.488037
South Asia (WB),,2004,51.35819
South Asia (WB),,2005,51.148407
South Asia (WB),,2006,50.94852
South Asia (WB),,2007,50.72464
South Asia (WB),,2008,50.48126
South Asia (WB),,2009,50.181667
South Asia (WB),,2010,49.923374
South Asia (WB),,2011,49.704475
South Asia (WB),,2012,49.393787
South Asia (WB),,2013,49.11314
South Asia (WB),,2014,48.78229
South Asia (WB),,2015,48.459175
South Asia (WB),,2016,48.21973
South Asia (WB),,2017,48.1125
South Asia (WB),,2018,47.850975
South Asia (WB),,2019,47.6602
South Korea,KOR,2000,21.9
South Korea,KOR,2001,21.3
South Korea,KOR,2002,20.7
South Korea,KOR,2003,20.1
South Korea,KOR,2004,19.6
South Korea,KOR,2005,19.2
South Korea,KOR,2006,18.7
South Korea,KOR,2007,18.3
South Korea,KOR,2008,17.8
South Korea,KOR,2009,17.3
South Korea,KOR,2010,16.9
South Korea,KOR,2011,16.5
South Korea,KOR,2012,16.1
South Korea,KOR,2013,15.8
South Korea,KOR,2014,15.5
South Korea,KOR,2015,15.2
South Korea,KOR,2016,15.1
South Korea,KOR,2017,14.9
South Korea,KOR,2018,14.8
South Korea,KOR,2019,14.7
South Sudan,SSD,2000,44.1
South Sudan,SSD,2001,43.9
South Sudan,SSD,2002,43.7
South Sudan,SSD,2003,43.4
South Sudan,SSD,2004,43.2
South Sudan,SSD,2005,42.9
South Sudan,SSD,2006,42.5
South Sudan,SSD,2007,42.1
South Sudan,SSD,2008,41.7
South Sudan,SSD,2009,41.3
South Sudan,SSD,2010,40.9
South Sudan,SSD,2011,40.7
South Sudan,SSD,2012,40.5
South Sudan,SSD,2013,40.3
South Sudan,SSD,2014,40.3
South Sudan,SSD,2015,40.3
South Sudan,SSD,2016,40.2
South Sudan,SSD,2017,40.2
South Sudan,SSD,2018,40.1
South Sudan,SSD,2019,40
Spain,ESP,2000,19
Spain,ESP,2001,18.7
Spain,ESP,2002,18.5
Spain,ESP,2003,18.4
Spain,ESP,2004,18.3
Spain,ESP,2005,18.3
Spain,ESP,2006,18.3
Spain,ESP,2007,18.4
Spain,ESP,2008,18.4
Spain,ESP,2009,18.4
Spain,ESP,2010,18.4
Spain,ESP,2011,18.5
Spain,ESP,2012,18.6
Spain,ESP,2013,18.7
Spain,ESP,2014,18.7
Spain,ESP,2015,18.8
Spain,ESP,2016,19
Spain,ESP,2017,19.1
Spain,ESP,2018,19.1
Spain,ESP,2019,19.2
Sri Lanka,LKA,2000,36.5
Sri Lanka,LKA,2001,35.9
Sri Lanka,LKA,2002,35.3
Sri Lanka,LKA,2003,34.9
Sri Lanka,LKA,2004,34.6
Sri Lanka,LKA,2005,34.4
Sri Lanka,LKA,2006,34.1
Sri Lanka,LKA,2007,33.9
Sri Lanka,LKA,2008,33.6
Sri Lanka,LKA,2009,33.4
Sri Lanka,LKA,2010,33.3
Sri Lanka,LKA,2011,33.3
Sri Lanka,LKA,2012,33.4
Sri Lanka,LKA,2013,33.5
Sri Lanka,LKA,2014,33.6
Sri Lanka,LKA,2015,33.8
Sri Lanka,LKA,2016,34.1
Sri Lanka,LKA,2017,34.3
Sri Lanka,LKA,2018,34.5
Sri Lanka,LKA,2019,34.6
Sub-Saharan Africa (WB),,2000,50.384415
Sub-Saharan Africa (WB),,2001,50.25523
Sub-Saharan Africa (WB),,2002,50.08548
Sub-Saharan Africa (WB),,2003,49.9132
Sub-Saharan Africa (WB),,2004,49.675095
Sub-Saharan Africa (WB),,2005,49.38021
Sub-Saharan Africa (WB),,2006,49.06721
Sub-Saharan Africa (WB),,2007,48.703697
Sub-Saharan Africa (WB),,2008,48.289455
Sub-Saharan Africa (WB),,2009,47.897644
Sub-Saharan Africa (WB),,2010,47.54532
Sub-Saharan Africa (WB),,2011,47.22777
Sub-Saharan Africa (WB),,2012,46.98932
Sub-Saharan Africa (WB),,2013,46.7856
Sub-Saharan Africa (WB),,2014,46.604973
Sub-Saharan Africa (WB),,2015,46.46862
Sub-Saharan Africa (WB),,2016,46.307117
Sub-Saharan Africa (WB),,2017,46.13892
Sub-Saharan Africa (WB),,2018,45.967216
Sub-Saharan Africa (WB),,2019,45.83317
Sudan,SDN,2000,42.5
Sudan,SDN,2001,42.1
Sudan,SDN,2002,41.8
Sudan,SDN,2003,41.5
Sudan,SDN,2004,41.2
Sudan,SDN,2005,40.9
Sudan,SDN,2006,40.5
Sudan,SDN,2007,40.1
Sudan,SDN,2008,39.6
Sudan,SDN,2009,39.2
Sudan,SDN,2010,38.8
Sudan,SDN,2011,38.4
Sudan,SDN,2012,38.2
Sudan,SDN,2013,37.9
Sudan,SDN,2014,37.7
Sudan,SDN,2015,37.5
Sudan,SDN,2016,37.3
Sudan,SDN,2017,37.1
Sudan,SDN,2018,37
Sudan,SDN,2019,36.8
Suriname,SUR,2000,29.6
Suriname,SUR,2001,29.3
Suriname,SUR,2002,28.8
Suriname,SUR,2003,28.3
Suriname,SUR,2004,27.8
Suriname,SUR,2005,27.3
Suriname,SUR,2006,26.9
Suriname,SUR,2007,26.4
Suriname,SUR,2008,25.8
Suriname,SUR,2009,25.3
Suriname,SUR,2010,24.8
Suriname,SUR,2011,24.4
Suriname,SUR,2012,24.1
Suriname,SUR,2013,23.9
Suriname,SUR,2014,24
Suriname,SUR,2015,23.9
Suriname,SUR,2016,24
Suriname,SUR,2017,24
Suriname,SUR,2018,24.1
Suriname,SUR,2019,24.2
Sweden,SWE,2000,18.7
Sweden,SWE,2001,18.3
Sweden,SWE,2002,18
Sweden,SWE,2003,17.8
Sweden,SWE,2004,17.6
Sweden,SWE,2005,17.4
Sweden,SWE,2006,17.3
Sweden,SWE,2007,17.2
Sweden,SWE,2008,17.1
Sweden,SWE,2009,17
Sweden,SWE,2010,16.9
Sweden,SWE,2011,16.9
Sweden,SWE,2012,17
Sweden,SWE,2013,17
Sweden,SWE,2014,17.1
Sweden,SWE,2015,17.3
Sweden,SWE,2016,17.4
Sweden,SWE,2017,17.6
Sweden,SWE,2018,17.8
Sweden,SWE,2019,18
Switzerland,CHE,2000,13.4
Switzerland,CHE,2001,13.2
Switzerland,CHE,2002,13.1
Switzerland,CHE,2003,13.1
Switzerland,CHE,2004,13.1
Switzerland,CHE,2005,13.1
Switzerland,CHE,2006,13.1
Switzerland,CHE,2007,13
Switzerland,CHE,2008,13
Switzerland,CHE,2009,13.1
Switzerland,CHE,2010,13.1
Switzerland,CHE,2011,13.2
Switzerland,CHE,2012,13.3
Switzerland,CHE,2013,13.5
Switzerland,CHE,2014,13.7
Switzerland,CHE,2015,13.9
Switzerland,CHE,2016,14.1
Switzerland,CHE,2017,14.4
Switzerland,CHE,2018,14.6
Switzerland,CHE,2019,14.9
Syria,SYR,2000,37.2
Syria,SYR,2001,36.8
Syria,SYR,2002,36.5
Syria,SYR,2003,36.2
Syria,SYR,2004,35.9
Syria,SYR,2005,35.5
Syria,SYR,2006,35
Syria,SYR,2007,34.8
Syria,SYR,2008,34.4
Syria,SYR,2009,33.9
Syria,SYR,2010,33.5
Syria,SYR,2011,33.2
Syria,SYR,2012,33.1
Syria,SYR,2013,33.1
Syria,SYR,2014,33.1
Syria,SYR,2015,33.1
Syria,SYR,2016,33.1
Syria,SYR,2017,33.1
Syria,SYR,2018,33.1
Syria,SYR,2019,33.2
Tajikistan,TJK,2000,40.7
Tajikistan,TJK,2001,40.5
Tajikistan,TJK,2002,40.2
Tajikistan,TJK,2003,39.6
Tajikistan,TJK,2004,38.6
Tajikistan,TJK,2005,38
Tajikistan,TJK,2006,38.1
Tajikistan,TJK,2007,37.7
Tajikistan,TJK,2008,37.3
Tajikistan,TJK,2009,37
Tajikistan,TJK,2010,36.6
Tajikistan,TJK,2011,36.3
Tajikistan,TJK,2012,36.4
Tajikistan,TJK,2013,36.7
Tajikistan,TJK,2014,36.9
Tajikistan,TJK,2015,37
Tajikistan,TJK,2016,37.5
Tajikistan,TJK,2017,38
Tajikistan,TJK,2018,38.3
Tajikistan,TJK,2019,38.6
Tanzania,TZA,2000,54
Tanzania,TZA,2001,53.9
Tanzania,TZA,2002,53.8
Tanzania,TZA,2003,53.6
Tanzania,TZA,2004,53.5
Tanzania,TZA,2005,53.2
Tanzania,TZA,2006,52.9
Tanzania,TZA,2007,52.5
Tanzania,TZA,2008,52.1
Tanzania,TZA,2009,51.6
Tanzania,TZA,2010,51.1
Tanzania,TZA,2011,50.7
Tanzania,TZA,2012,50.3
Tanzania,TZA,2013,50
Tanzania,TZA,2014,49.8
Tanzania,TZA,2015,49.6
Tanzania,TZA,2016,49.3
Tanzania,TZA,2017,48.9
Tanzania,TZA,2018,48.5
Tanzania,TZA,2019,48.1
Thailand,THA,2000,31.1
Thailand,THA,2001,31.1
Thailand,THA,2002,31
Thailand,THA,2003,31
Thailand,THA,2004,31
Thailand,THA,2005,31
Thailand,THA,2006,31.1
Thailand,THA,2007,31.1
Thailand,THA,2008,31.1
Thailand,THA,2009,31.1
Thailand,THA,2010,31.1
Thailand,THA,2011,31.2
Thailand,THA,2012,31.3
Thailand,THA,2013,31.4
Thailand,THA,2014,31.6
Thailand,THA,2015,31.7
Thailand,THA,2016,31.9
Thailand,THA,2017,32
Thailand,THA,2018,32.1
Thailand,THA,2019,32.2
Togo,TGO,2000,55.7
Togo,TGO,2001,55.8
Togo,TGO,2002,55.9
Togo,TGO,2003,55.9
Togo,TGO,2004,56
Togo,TGO,2005,56
Togo,TGO,2006,55.9
Togo,TGO,2007,55.9
Togo,TGO,2008,55.7
Togo,TGO,2009,55.6
Togo,TGO,2010,55.4
Togo,TGO,2011,55.3
Togo,TGO,2012,55.1
Togo,TGO,2013,55
Togo,TGO,2014,54.8
Togo,TGO,2015,54.6
Togo,TGO,2016,54.4
Togo,TGO,2017,54.2
Togo,TGO,2018,54
Togo,TGO,2019,53.7
Tonga,TON,2000,38.6
Tonga,TON,2001,38.6
Tonga,TON,2002,38.5
Tonga,TON,2003,38.4
Tonga,TON,2004,38.3
Tonga,TON,2005,38.3
Tonga,TON,2006,38.2
Tonga,TON,2007,38.1
Tonga,TON,2008,37.9
Tonga,TON,2009,37.7
Tonga,TON,2010,37.5
Tonga,TON,2011,37.3
Tonga,TON,2012,37.1
Tonga,TON,2013,37
Tonga,TON,2014,36.9
Tonga,TON,2015,36.9
Tonga,TON,2016,36.8
Tonga,TON,2017,36.7
Tonga,TON,2018,36.6
Tonga,TON,2019,36.5
Trinidad and Tobago,TTO,2000,25.5
Trinidad and Tobago,TTO,2001,24.9
Trinidad and Tobago,TTO,2002,24.4
Trinidad and Tobago,TTO,2003,23.9
Trinidad and Tobago,TTO,2004,23.3
Trinidad and Tobago,TTO,2005,22.8
Trinidad and Tobago,TTO,2006,22.3
Trinidad and Tobago,TTO,2007,21.8
Trinidad and Tobago,TTO,2008,21.3
Trinidad and Tobago,TTO,2009,20.8
Trinidad and Tobago,TTO,2010,20.3
Trinidad and Tobago,TTO,2011,20
Trinidad and Tobago,TTO,2012,19.7
Trinidad and Tobago,TTO,2013,19.5
Trinidad and Tobago,TTO,2014,19.3
Trinidad and Tobago,TTO,2015,19.2
Trinidad and Tobago,TTO,2016,19.2
Trinidad and Tobago,TTO,2017,19.2
Trinidad and Tobago,TTO,2018,19.3
Trinidad and Tobago,TTO,2019,19.4
Tunisia,TUN,2000,33.5
Tunisia,TUN,2001,33.2
Tunisia,TUN,2002,32.9
Tunisia,TUN,2003,32.8
Tunisia,TUN,2004,32.6
Tunisia,TUN,2005,32.4
Tunisia,TUN,2006,32.2
Tunisia,TUN,2007,32
Tunisia,TUN,2008,31.7
Tunisia,TUN,2009,31.5
Tunisia,TUN,2010,31.2
Tunisia,TUN,2011,31.1
Tunisia,TUN,2012,31
Tunisia,TUN,2013,30.9
Tunisia,TUN,2014,30.8
Tunisia,TUN,2015,30.7
Tunisia,TUN,2016,30.7
Tunisia,TUN,2017,30.6
Tunisia,TUN,2018,30.5
Tunisia,TUN,2019,30.5
Turkmenistan,TKM,2000,33
Turkmenistan,TKM,2001,32.6
Turkmenistan,TKM,2002,32.3
Turkmenistan,TKM,2003,31.9
Turkmenistan,TKM,2004,31.3
Turkmenistan,TKM,2005,30.6
Turkmenistan,TKM,2006,30.1
Turkmenistan,TKM,2007,29.6
Turkmenistan,TKM,2008,29.1
Turkmenistan,TKM,2009,28.7
Turkmenistan,TKM,2010,28.3
Turkmenistan,TKM,2011,28.1
Turkmenistan,TKM,2012,27.9
Turkmenistan,TKM,2013,27.9
Turkmenistan,TKM,2014,27.7
Turkmenistan,TKM,2015,27.5
Turkmenistan,TKM,2016,27.6
Turkmenistan,TKM,2017,27.6
Turkmenistan,TKM,2018,27.7
Turkmenistan,TKM,2019,27.7
Tuvalu,TUV,2000,35.7
Tuvalu,TUV,2001,35.4
Tuvalu,TUV,2002,35.2
Tuvalu,TUV,2003,35
Tuvalu,TUV,2004,34.8
Tuvalu,TUV,2005,34.7
Tuvalu,TUV,2006,34.5
Tuvalu,TUV,2007,34.3
Tuvalu,TUV,2008,34
Tuvalu,TUV,2009,33.8
Tuvalu,TUV,2010,33.7
Tuvalu,TUV,2011,33.7
Tuvalu,TUV,2012,33.7
Tuvalu,TUV,2013,33.8
Tuvalu,TUV,2014,33.8
Tuvalu,TUV,2015,33.9
Tuvalu,TUV,2016,34
Tuvalu,TUV,2017,34
Tuvalu,TUV,2018,34
Tuvalu,TUV,2019,34
Uganda,UGA,2000,45.4
Uganda,UGA,2001,44.9
Uganda,UGA,2002,44.5
Uganda,UGA,2003,43.9
Uganda,UGA,2004,43.5
Uganda,UGA,2005,42.9
Uganda,UGA,2006,42.2
Uganda,UGA,2007,41.5
Uganda,UGA,2008,40.8
Uganda,UGA,2009,40.2
Uganda,UGA,2010,39.6
Uganda,UGA,2011,39.2
Uganda,UGA,2012,39
Uganda,UGA,2013,38.8
Uganda,UGA,2014,38.8
Uganda,UGA,2015,38.8
Uganda,UGA,2016,38.8
Uganda,UGA,2017,38.8
Uganda,UGA,2018,38.8
Uganda,UGA,2019,38.9
Ukraine,UKR,2000,24.6
Ukraine,UKR,2001,24.4
Ukraine,UKR,2002,24.2
Ukraine,UKR,2003,24
Ukraine,UKR,2004,23.7
Ukraine,UKR,2005,23.3
Ukraine,UKR,2006,23
Ukraine,UKR,2007,22.7
Ukraine,UKR,2008,22.4
Ukraine,UKR,2009,22.1
Ukraine,UKR,2010,21.9
Ukraine,UKR,2011,21.9
Ukraine,UKR,2012,21.9
Ukraine,UKR,2013,22
Ukraine,UKR,2014,22.1
Ukraine,UKR,2015,22.2
Ukraine,UKR,2016,22.5
Ukraine,UKR,2017,22.7
Ukraine,UKR,2018,23
Ukraine,UKR,2019,23.2
United Arab Emirates,ARE,2000,25.3
United Arab Emirates,ARE,2001,24.9
United Arab Emirates,ARE,2002,24.7
United Arab Emirates,ARE,2003,24.7
United Arab Emirates,ARE,2004,24.4
United Arab Emirates,ARE,2005,24.1
United Arab Emirates,ARE,2006,24.1
United Arab Emirates,ARE,2007,24.1
United Arab Emirates,ARE,2008,24
United Arab Emirates,ARE,2009,23.8
United Arab Emirates,ARE,2010,23.7
United Arab Emirates,ARE,2011,23.7
United Arab Emirates,ARE,2012,23.8
United Arab Emirates,ARE,2013,23.7
United Arab Emirates,ARE,2014,23.6
United Arab Emirates,ARE,2015,23.6
United Arab Emirates,ARE,2016,23.5
United Arab Emirates,ARE,2017,23.5
United Arab Emirates,ARE,2018,23.6
United Arab Emirates,ARE,2019,23.7
United Kingdom,GBR,2000,16
United Kingdom,GBR,2001,15.7
United Kingdom,GBR,2002,15.4
United Kingdom,GBR,2003,15.2
United Kingdom,GBR,2004,15.1
United Kingdom,GBR,2005,15
United Kingdom,GBR,2006,14.9
United Kingdom,GBR,2007,14.9
United Kingdom,GBR,2008,14.9
United Kingdom,GBR,2009,14.9
United Kingdom,GBR,2010,15
United Kingdom,GBR,2011,15.1
United Kingdom,GBR,2012,15.2
United Kingdom,GBR,2013,15.2
United Kingdom,GBR,2014,15.4
United Kingdom,GBR,2015,15.5
United Kingdom,GBR,2016,15.8
United Kingdom,GBR,2017,16
United Kingdom,GBR,2018,16.2
United Kingdom,GBR,2019,16.5
United States,USA,2000,9.4
United States,USA,2001,9.2
United States,USA,2002,9.1
United States,USA,2003,9.1
United States,USA,2004,9.1
United States,USA,2005,9.2
United States,USA,2006,9.3
United States,USA,2007,9.5
United States,USA,2008,9.6
United States,USA,2009,9.8
United States,USA,2010,10
United States,USA,2011,10.2
United States,USA,2012,10.4
United States,USA,2013,10.5
United States,USA,2014,10.7
United States,USA,2015,10.8
United States,USA,2016,11
United States,USA,2017,11.1
United States,USA,2018,11.3
United States,USA,2019,11.5
Upper-middle-income countries,,2000,30.955742
Upper-middle-income countries,,2001,30.327454
Upper-middle-income countries,,2002,29.833057
Upper-middle-income countries,,2003,29.339386
Upper-middle-income countries,,2004,28.80086
Upper-middle-income countries,,2005,28.179806
Upper-middle-income countries,,2006,27.546104
Upper-middle-income countries,,2007,26.894156
Upper-middle-income countries,,2008,26.287731
Upper-middle-income countries,,2009,25.675533
Upper-middle-income countries,,2010,25.11486
Upper-middle-income countries,,2011,24.733671
Upper-middle-income countries,,2012,24.444977
Upper-middle-income countries,,2013,24.29333
Upper-middle-income countries,,2014,24.17768
Upper-middle-income countries,,2015,24.191315
Upper-middle-income countries,,2016,24.273897
Upper-middle-income countries,,2017,24.238573
Upper-middle-income countries,,2018,24.210331
Upper-middle-income countries,,2019,24.260498
Uruguay,URY,2000,25.4
Uruguay,URY,2001,25.5
Uruguay,URY,2002,25.8
Uruguay,URY,2003,26
Uruguay,URY,2004,26.2
Uruguay,URY,2005,26.2
Uruguay,URY,2006,26.1
Uruguay,URY,2007,25.8
Uruguay,URY,2008,25.5
Uruguay,URY,2009,25.2
Uruguay,URY,2010,24.8
Uruguay,URY,2011,24.6
Uruguay,URY,2012,24.7
Uruguay,URY,2013,24.8
Uruguay,URY,2014,24.8
Uruguay,URY,2015,25
Uruguay,URY,2016,25.1
Uruguay,URY,2017,25.3
Uruguay,URY,2018,25.4
Uruguay,URY,2019,25.5
Uzbekistan,UZB,2000,43.1
Uzbekistan,UZB,2001,42.6
Uzbekistan,UZB,2002,42.2
Uzbekistan,UZB,2003,41.7
Uzbekistan,UZB,2004,41.1
Uzbekistan,UZB,2005,40.6
Uzbekistan,UZB,2006,40
Uzbekistan,UZB,2007,39.4
Uzbekistan,UZB,2008,38.8
Uzbekistan,UZB,2009,38.2
Uzbekistan,UZB,2010,37.6
Uzbekistan,UZB,2011,37
Uzbekistan,UZB,2012,36.6
Uzbekistan,UZB,2013,36.2
Uzbekistan,UZB,2014,35.9
Uzbekistan,UZB,2015,35.5
Uzbekistan,UZB,2016,35.3
Uzbekistan,UZB,2017,35
Uzbekistan,UZB,2018,34.9
Uzbekistan,UZB,2019,34.8
Vanuatu,VUT,2000,43.6
Vanuatu,VUT,2001,43.1
Vanuatu,VUT,2002,42.5
Vanuatu,VUT,2003,42
Vanuatu,VUT,2004,41.3
Vanuatu,VUT,2005,40.5
Vanuatu,VUT,2006,39.6
Vanuatu,VUT,2007,38.6
Vanuatu,VUT,2008,37.5
Vanuatu,VUT,2009,36.4
Vanuatu,VUT,2010,35.3
Vanuatu,VUT,2011,34.3
Vanuatu,VUT,2012,33.3
Vanuatu,VUT,2013,32.4
Vanuatu,VUT,2014,31.5
Vanuatu,VUT,2015,30.7
Vanuatu,VUT,2016,29.9
Vanuatu,VUT,2017,29.2
Vanuatu,VUT,2018,28.4
Vanuatu,VUT,2019,27.7
Venezuela,VEN,2000,29.1
Venezuela,VEN,2001,28.6
Venezuela,VEN,2002,28.4
Venezuela,VEN,2003,28.7
Venezuela,VEN,2004,28.8
Venezuela,VEN,2005,28.3
Venezuela,VEN,2006,27.6
Venezuela,VEN,2007,26.7
Venezuela,VEN,2008,25.9
Venezuela,VEN,2009,25.4
Venezuela,VEN,2010,25
Venezuela,VEN,2011,24.7
Venezuela,VEN,2012,24.6
Venezuela,VEN,2013,24.6
Venezuela,VEN,2014,24.9
Venezuela,VEN,2015,25.1
Venezuela,VEN,2016,25.4
Venezuela,VEN,2017,25.7
Venezuela,VEN,2018,26.1
Venezuela,VEN,2019,26.4
Vietnam,VNM,2000,39.7
Vietnam,VNM,2001,38.5
Vietnam,VNM,2002,37.3
Vietnam,VNM,2003,36.1
Vietnam,VNM,2004,34.9
Vietnam,VNM,2005,33.8
Vietnam,VNM,2006,32.7
Vietnam,VNM,2007,31.7
Vietnam,VNM,2008,30.7
Vietnam,VNM,2009,29.9
Vietnam,VNM,2010,29.3
Vietnam,VNM,2011,28.8
Vietnam,VNM,2012,28.5
Vietnam,VNM,2013,28.3
Vietnam,VNM,2014,28.3
Vietnam,VNM,2015,28.2
Vietnam,VNM,2016,28.2
Vietnam,VNM,2017,28.2
Vietnam,VNM,2018,28.3
Vietnam,VNM,2019,28.4
World,OWID_WRL,2000,40.9
World,OWID_WRL,2001,40.6
World,OWID_WRL,2002,40.4
World,OWID_WRL,2003,40.2
World,OWID_WRL,2004,39.9
World,OWID_WRL,2005,39.5
World,OWID_WRL,2006,39.2
World,OWID_WRL,2007,38.8
World,OWID_WRL,2008,38.4
World,OWID_WRL,2009,38
World,OWID_WRL,2010,37.6
World,OWID_WRL,2011,37.3
World,OWID_WRL,2012,37
World,OWID_WRL,2013,36.9
World,OWID_WRL,2014,36.7
World,OWID_WRL,2015,36.6
World,OWID_WRL,2016,36.6
World,OWID_WRL,2017,36.5
World,OWID_WRL,2018,36.5
World,OWID_WRL,2019,36.5
Yemen,YEM,2000,59.7
Yemen,YEM,2001,59.6
Yemen,YEM,2002,59.5
Yemen,YEM,2003,59.4
Yemen,YEM,2004,59.3
Yemen,YEM,2005,59.1
Yemen,YEM,2006,58.9
Yemen,YEM,2007,58.7
Yemen,YEM,2008,58.6
Yemen,YEM,2009,58.4
Yemen,YEM,2010,58.3
Yemen,YEM,2011,58.1
Yemen,YEM,2012,58
Yemen,YEM,2013,57.9
Yemen,YEM,2014,57.8
Yemen,YEM,2015,57.8
Yemen,YEM,2016,57.7
Yemen,YEM,2017,57.6
Yemen,YEM,2018,57.6
Yemen,YEM,2019,57.5
Zambia,ZMB,2000,44
Zambia,ZMB,2001,43.6
Zambia,ZMB,2002,43.2
Zambia,ZMB,2003,42.8
Zambia,ZMB,2004,42.4
Zambia,ZMB,2005,42
Zambia,ZMB,2006,41.5
Zambia,ZMB,2007,40.9
Zambia,ZMB,2008,40.3
Zambia,ZMB,2009,39.8
Zambia,ZMB,2010,39.3
Zambia,ZMB,2011,39
Zambia,ZMB,2012,38.9
Zambia,ZMB,2013,38.8
Zambia,ZMB,2014,38.9
Zambia,ZMB,2015,38.9
Zambia,ZMB,2016,39
Zambia,ZMB,2017,39.1
Zambia,ZMB,2018,39.2
Zambia,ZMB,2019,39.3
Zimbabwe,ZWE,2000,33
Zimbabwe,ZWE,2001,33.1
Zimbabwe,ZWE,2002,33.2
Zimbabwe,ZWE,2003,33.5
Zimbabwe,ZWE,2004,33.7
Zimbabwe,ZWE,2005,34
Zimbabwe,ZWE,2006,34.1
Zimbabwe,ZWE,2007,34.2
Zimbabwe,ZWE,2008,34.2
Zimbabwe,ZWE,2009,34.1
Zimbabwe,ZWE,2010,33.9
Zimbabwe,ZWE,2011,33.6
Zimbabwe,ZWE,2012,33.3
Zimbabwe,ZWE,2013,32.9
Zimbabwe,ZWE,2014,32.7
Zimbabwe,ZWE,2015,32.4
Zimbabwe,ZWE,2016,32.2
Zimbabwe,ZWE,2017,32
Zimbabwe,ZWE,2018,31.8
Zimbabwe,ZWE,2019,31.7